"","study_ref","country","year","sau","lon_sau","lat_sau","sch","com","int","vol","pop","den","nat","gdp","dis","tim","ppp","caf","cae","agg","sub","yrs","rds","cov","onc","lym","variable","value","ucb","eco","Ram","Kab","Gol","Kri","Fri","Mon","Eva","Bro","Fle","Kat","Cro","UGA","NGA","EGY","KHM","VUT","int2","cov2","yrn","subref","id"
"1","Amarillo et al. 2009","Philippines",2003,"Sorsogon City, Philippines",124.0147,12.9927,0,1,1,1,556900,220,0,1290.89,0,0,2.654130552,1,1,0,0,3,1,80,0,1,"ucf",0.244098355,0.244098355,0,0,0,0,0,0,0,0,0,0,0,0,0,0,0,0,0,1,6400,11,"Philippines Sorsogon City, Philippines 2003 0 1 1 0","1"
"31","Curtale et al. 2003","Egypt",2001,"Damanhour, Egypt",30.4728,31.0425,1,0,2,1,430000,443,0,2120.81,0,0,2.492690058,0,0,0,0,2,1,80,0,0,"ucf",0.225,0.225,0,0,0,0,0,0,0,0,0,0,0,0,0,0,1,0,0,4,6400,9,"Egypt Damanhour, Egypt 2001 1 2 1 0","4"
"32","Evans et al. 2011","Nigeria",2008,"Bassa, Nigeria",8.7991,10.0545,0,1,4,1,149903,77,0,1542.46,24,29,1.544424179,0,0,0,1,10,1.2,98,0,0,"ucf",0.099073817,0.099073817,0,0,0,0,0,0,0,1,0,0,0,0,0,1,0,0,0,16,9604,16,"Nigeria Bassa, Nigeria 2008 0 4 1.2 0","5"
"33","Evans et al. 2011","Nigeria",2009,"Bassa, Nigeria",8.7991,10.0545,0,1,4,1,170134,80,0,1212.76,24,29,2.047044914,0,0,0,1,11,1,100,0,0,"ucf",0.0655512,0.0655512,0,0,0,0,0,0,0,1,0,0,0,0,0,1,0,0,0,16,10000,17,"Nigeria Bassa, Nigeria 2009 0 4 1 0","5"
"34","Evans et al. 2011","Nigeria",2008,"Bokkos, Nigeria",8.9949,9.2994,0,1,4,1,120116,116,0,1542.46,81,79,1.544424179,0,0,0,1,10,1.2,98,0,0,"ucf",0.110082018,0.110082018,0,0,0,0,0,0,0,1,0,0,0,0,0,1,0,0,0,16,9604,16,"Nigeria Bokkos, Nigeria 2008 0 4 1.2 0","5"
"35","Evans et al. 2011","Nigeria",2009,"Bokkos, Nigeria",8.9949,9.2994,0,1,4,1,136170,122,0,1212.76,81,79,2.047044914,0,0,0,1,11,1,100,0,0,"ucf",0.0655512,0.0655512,0,0,0,0,0,0,0,1,0,0,0,0,0,1,0,0,0,16,10000,17,"Nigeria Bokkos, Nigeria 2009 0 4 1 0","5"
"36","Evans et al. 2011","Nigeria",2008,"Bukuru, Nigeria",8.8597,9.7653,0,1,4,1,177778,634,0,1542.46,22,21,1.544424179,0,0,0,1,10,1.2,98,0,0,"ucf",0.088065615,0.088065615,0,0,0,0,0,0,0,1,0,0,0,0,0,1,0,0,0,16,9604,16,"Nigeria Bukuru, Nigeria 2008 0 4 1.2 0","5"
"37","Evans et al. 2011","Nigeria",2009,"Bukuru, Nigeria",8.8597,9.7653,0,1,4,1,236786,646,0,1212.76,22,21,2.047044914,0,0,0,1,11,1,100,0,0,"ucf",0.0437008,0.0437008,0,0,0,0,0,0,0,1,0,0,0,0,0,1,0,0,0,16,10000,17,"Nigeria Bukuru, Nigeria 2009 0 4 1 0","5"
"38","Evans et al. 2011","Nigeria",2008,"Dengi, Nigeria",9.9484,9.3667,0,1,4,1,100419,68,0,1542.46,188,186,1.544424179,0,0,0,1,10,1.2,98,0,0,"ucf",0.143106624,0.143106624,0,0,0,0,0,0,0,1,0,0,0,0,0,1,0,0,0,16,9604,16,"Nigeria Dengi, Nigeria 2008 0 4 1.2 0","5"
"39","Evans et al. 2011","Nigeria",2009,"Dengi, Nigeria",9.9484,9.3667,0,1,4,1,114210,70,0,1212.76,188,186,2.047044914,0,0,0,1,11,1,100,0,0,"ucf",0.0874016,0.0874016,0,0,0,0,0,0,0,1,0,0,0,0,0,1,0,0,0,16,10000,17,"Nigeria Dengi, Nigeria 2009 0 4 1 0","5"
"40","Evans et al. 2011","Nigeria",2008,"Kanke, Nigeria",8.65,9.8167,0,1,4,1,79412,134,0,1542.46,39,40,1.544424179,0,0,0,1,10,1.2,98,0,0,"ucf",0.187139431,0.187139431,0,0,0,0,0,0,0,1,0,0,0,0,0,1,0,0,0,16,9604,16,"Nigeria Kanke, Nigeria 2008 0 4 1.2 0","5"
"41","Evans et al. 2011","Nigeria",2009,"Kanke, Nigeria",8.65,9.8167,0,1,4,1,89346,134,0,1212.76,39,40,2.047044914,0,0,0,1,11,1,100,0,0,"ucf",0.1201772,0.1201772,0,0,0,0,0,0,0,1,0,0,0,0,0,1,0,0,0,16,10000,17,"Nigeria Kanke, Nigeria 2009 0 4 1 0","5"
"42","Evans et al. 2011","Nigeria",2008,"Karu, Nigeria",7.6006,9.0337,0,1,4,1,193730,89,0,1542.46,19,20,1.544424179,0,0,0,1,10,1.2,98,0,0,"ucf",0.066049211,0.066049211,0,0,0,0,0,0,0,1,0,0,0,0,0,1,0,0,0,16,9604,16,"Nigeria Karu, Nigeria 2008 0 4 1.2 0","5"
"43","Evans et al. 2011","Nigeria",2009,"Karu, Nigeria",7.6006,9.0337,0,1,4,1,232891,93,0,1212.76,19,20,2.047044914,0,0,0,1,11,1,100,0,0,"ucf",0.0437008,0.0437008,0,0,0,0,0,0,0,1,0,0,0,0,0,1,0,0,0,16,10000,17,"Nigeria Karu, Nigeria 2009 0 4 1 0","5"
"44","Evans et al. 2011","Nigeria",2008,"Lafia, Nigeria",8.5167,8.4917,0,1,4,1,359510,125,0,1542.46,0,0,1.544424179,0,0,0,1,10,1.2,98,0,0,"ucf",0.022016404,0.022016404,0,0,0,0,0,0,0,1,0,0,0,0,0,1,0,0,0,16,9604,16,"Nigeria Lafia, Nigeria 2008 0 4 1.2 0","5"
"45","Evans et al. 2011","Nigeria",2009,"Lafia, Nigeria",8.5167,8.4917,0,1,4,1,446773,128,0,1212.76,0,0,2.047044914,0,0,0,1,11,1,100,0,0,"ucf",0.0218504,0.0218504,0,0,0,0,0,0,0,1,0,0,0,0,0,1,0,0,0,16,10000,17,"Nigeria Lafia, Nigeria 2009 0 4 1 0","5"
"46","Evans et al. 2011","Nigeria",2008,"Nassarawa Egon, Nigeria",8.5419,8.7425,0,1,4,1,120996,136,0,1542.46,31,25,1.544424179,0,0,0,1,10,1.2,98,0,0,"ucf",0.132098422,0.132098422,0,0,0,0,0,0,0,1,0,0,0,0,0,1,0,0,0,16,9604,16,"Nigeria Nassarawa Egon, Nigeria 2008 0 4 1.2 0","5"
"47","Evans et al. 2011","Nigeria",2009,"Nassarawa Egon, Nigeria",8.5419,8.7425,0,1,4,1,170277,143,0,1212.76,31,25,2.047044914,0,0,0,1,11,1,100,0,0,"ucf",0.0655512,0.0655512,0,0,0,0,0,0,0,1,0,0,0,0,0,1,0,0,0,16,10000,17,"Nigeria Nassarawa Egon, Nigeria 2009 0 4 1 0","5"
"48","Evans et al. 2011","Nigeria",2008,"Plateau and Nasarawa States, Nigeria",8.7245,9.333,0,1,4,1,1301864,27,0,1542.46,27,26.9417,1.544424179,0,1,1,0,10,1.2,98,0,0,"ucf",0.088065615,0.088065615,0,0,0,0,0,0,0,1,0,0,0,0,0,1,0,0,0,16,9604,16,"Nigeria Plateau and Nasarawa States, Nigeria 2008 0 4 1.2 0","5"
"49","Evans et al. 2011","Nigeria",2009,"Plateau and Nasarawa States, Nigeria",8.7245,9.333,0,1,4,1,1596587,27,0,1212.76,27,26.9417,2.047044914,0,0,1,0,11,1,100,0,0,"ucf",0.054626,0.054626,0,0,0,0,0,0,0,1,0,0,0,0,0,1,0,0,0,16,10000,17,"Nigeria Plateau and Nasarawa States, Nigeria 2009 0 4 1 0","5"
"50","Fleming, Unpublished","Uganda",2007,"Busia City, Uganda",34.1115,0.4608,0,1,5,1,168457,355,0,490.72,195,161,2.628501448,1,1,0,0,5,1,95,0,0,"ucf",0.205,0.205,0,0,0,0,0,0,0,0,0,1,0,0,1,0,0,0,0,25,9025,15,"Uganda Busia City, Uganda 2007 0 5 1 0","7"
"51","Fleming, Unpublished","Uganda",2008,"Busia City, Uganda",34.1115,0.4608,0,1,5,1,120509,365,0,557.37,195,161,2.418498468,1,1,0,0,6,1,74,0,0,"ucf",0.194,0.194,0,0,0,0,0,0,0,0,0,1,0,0,1,0,0,0,0,25,5476,16,"Uganda Busia City, Uganda 2008 0 5 1 0","7"
"52","Fleming, Unpublished","Uganda",2007,"Dokolo, Uganda",33.1667,1.9167,0,1,5,1,112130,144,0,490.72,55,43,2.628501448,1,1,0,0,2,2,83,0,0,"ucf",0.281,0.281,0,0,0,0,0,0,0,0,0,1,0,0,1,0,0,0,0,25,6889,15,"Uganda Dokolo, Uganda 2007 0 5 2 0","7"
"53","Fleming, Unpublished","Uganda",2008,"Dokolo, Uganda",33.1667,1.9167,0,1,5,1,137260,149,0,557.37,55,43,2.418498468,1,1,0,0,3,2,94,0,0,"ucf",0.151,0.151,0,0,0,0,0,0,0,0,0,1,0,0,1,0,0,0,0,25,8836,16,"Uganda Dokolo, Uganda 2008 0 5 2 0","7"
"54","Fleming, Unpublished","Uganda",2007,"Kamuli City, Uganda",33.125,0.945,0,1,5,1,397000,274,0,490.72,69,78,2.628501448,1,1,0,0,2,2,57,0,0,"ucf",0.13,0.13,0,0,0,0,0,0,0,0,0,1,0,0,1,0,0,0,0,25,3249,15,"Uganda Kamuli City, Uganda 2007 0 5 2 0","7"
"55","Fleming, Unpublished","Uganda",2008,"Kamuli City, Uganda",33.125,0.945,0,1,5,1,573573,283,0,557.37,69,78,2.418498468,1,1,0,0,3,3,77,0,0,"ucf",0.076,0.076,0,0,0,0,0,0,0,0,0,1,0,0,1,0,0,0,0,25,5929,16,"Uganda Kamuli City, Uganda 2008 0 5 3 0","7"
"56","Fleming, Unpublished","Uganda",2007,"Katakwi City, Uganda",33.955,1.915,0,1,5,1,109459,60,0,490.72,149,126,2.628501448,1,1,0,0,2,1,80,0,0,"ucf",0.302,0.302,0,0,0,0,0,0,0,0,0,1,0,0,1,0,0,0,0,25,6400,15,"Uganda Katakwi City, Uganda 2007 0 5 1 0","7"
"57","Fleming, Unpublished","Uganda",2008,"Katakwi City, Uganda",33.955,1.915,0,1,5,1,148168,62,0,557.37,149,126,2.418498468,1,1,0,0,3,1,82,0,0,"ucf",0.151,0.151,0,0,0,0,0,0,0,0,0,1,0,0,1,0,0,0,0,25,6724,16,"Uganda Katakwi City, Uganda 2008 0 5 1 0","7"
"58","Fleming, Unpublished","Uganda",2009,"Katakwi City, Uganda",33.955,1.915,0,1,5,1,135032,65,0,540.34,149,126,2.589197364,1,1,0,0,4,1,80,0,0,"ucf",0.183,0.183,0,0,0,0,0,0,0,0,0,1,0,0,1,0,0,0,0,25,6400,17,"Uganda Katakwi City, Uganda 2009 0 5 1 0","7"
"59","Fleming, Unpublished","Uganda",2007,"Kibaale City, Uganda",31.0777,0.7683,0,1,5,1,226734,125,0,490.72,200,164,2.628501448,1,1,0,0,2,2,86,0,0,"ucf",0.173,0.173,0,0,0,0,0,0,0,0,0,1,0,0,1,0,0,0,0,25,7396,15,"Uganda Kibaale City, Uganda 2007 0 5 2 0","7"
"60","Fleming, Unpublished","Uganda",2008,"Kibaale City, Uganda",31.0777,0.7683,0,1,5,1,246029,131,0,557.37,200,164,2.418498468,1,1,0,0,3,2,93,0,0,"ucf",0.108,0.108,0,0,0,0,0,0,0,0,0,1,0,0,1,0,0,0,0,25,8649,16,"Uganda Kibaale City, Uganda 2008 0 5 2 0","7"
"61","Fleming, Unpublished","Uganda",2008,"Kitgum City, Uganda",32.8789,3.2885,0,1,5,1,296852,54,0,557.37,102,81,2.418498468,1,1,0,0,3,3,70,0,0,"ucf",0.097,0.097,0,0,0,0,0,0,0,0,0,1,0,0,1,0,0,0,0,25,4900,16,"Uganda Kitgum City, Uganda 2008 0 5 3 0","7"
"62","Fleming, Unpublished","Uganda",2009,"Kitgum City, Uganda",32.8789,3.2885,0,1,5,1,273306,56,0,540.34,102,81,2.589197364,1,1,0,0,4,3,75,0,0,"ucf",0.108,0.108,0,0,0,0,0,0,0,0,0,1,0,0,1,0,0,0,0,25,5625,17,"Uganda Kitgum City, Uganda 2009 0 5 3 0","7"
"63","Fleming, Unpublished","Uganda",2007,"Kotido City, Uganda",34.1125,3.0061,0,1,5,1,81305,46,0,490.72,189,146,2.628501448,1,1,0,0,2,2,67,0,0,"ucf",0.41,0.41,0,0,0,0,0,0,0,0,0,1,0,0,1,0,0,0,0,25,4489,15,"Uganda Kotido City, Uganda 2007 0 5 2 0","7"
"64","Fleming, Unpublished","Uganda",2008,"Kotido City, Uganda",34.1125,3.0061,0,1,5,1,152570,49,0,557.37,189,146,2.418498468,1,1,0,0,3,3,70,0,0,"ucf",0.151,0.151,0,0,0,0,0,0,0,0,0,1,0,0,1,0,0,0,0,25,4900,16,"Uganda Kotido City, Uganda 2008 0 5 3 0","7"
"65","Fleming, Unpublished","Uganda",2009,"Kotido City, Uganda",34.1125,3.0061,0,1,5,1,139778,52,0,540.34,189,146,2.589197364,1,1,0,0,4,3,60,0,0,"ucf",0.183,0.183,0,0,0,0,0,0,0,0,0,1,0,0,1,0,0,0,0,25,3600,17,"Uganda Kotido City, Uganda 2009 0 5 3 0","7"
"66","Fleming, Unpublished","Uganda",2007,"Kyenjojo City, Uganda",30.6442,0.61,0,1,5,1,42113,137,0,490.72,243,192,2.628501448,1,1,0,0,2,1,91,0,0,"ucf",0.756,0.756,0,0,0,0,0,0,0,0,0,1,0,0,1,0,0,0,0,25,8281,15,"Uganda Kyenjojo City, Uganda 2007 0 5 1 0","7"
"67","Fleming, Unpublished","Uganda",2008,"Kyenjojo City, Uganda",30.6442,0.61,0,1,5,1,152869,142,0,557.37,243,192,2.418498468,1,1,0,0,3,2,92,0,0,"ucf",0.14,0.14,0,0,0,0,0,0,0,0,0,1,0,0,1,0,0,0,0,25,8464,16,"Uganda Kyenjojo City, Uganda 2008 0 5 2 0","7"
"68","Fleming, Unpublished","Uganda",2007,"Mayuge City, Uganda",33.4804,0.4563,0,1,5,1,54742,359,0,490.72,38,35,2.628501448,1,1,0,0,5,1,51,0,0,"ucf",0.518,0.518,0,0,0,0,0,0,0,0,0,1,0,0,1,0,0,0,0,25,2601,15,"Uganda Mayuge City, Uganda 2007 0 5 1 0","7"
"69","Fleming, Unpublished","Uganda",2008,"Mayuge City, Uganda",33.4804,0.4563,0,1,5,1,182763,372,0,557.37,38,35,2.418498468,1,1,0,0,6,3,41,0,0,"ucf",0.151,0.151,0,0,0,0,0,0,0,0,0,1,0,0,1,0,0,0,0,25,1681,16,"Uganda Mayuge City, Uganda 2008 0 5 3 0","7"
"70","Fleming, Unpublished","Uganda",2009,"Mayuge City, Uganda",33.4804,0.4563,0,1,5,1,361014,385,0,540.34,38,35,2.589197364,1,1,0,0,7,3,90,0,0,"ucf",0.076,0.076,0,0,0,0,0,0,0,0,0,1,0,0,1,0,0,0,0,25,8100,17,"Uganda Mayuge City, Uganda 2009 0 5 3 0","7"
"71","Fleming, Unpublished","Uganda",2007,"Namba, Uganda",34.3546,0.8236,0,1,5,1,140580,236,0,490.72,160,136,2.628501448,1,1,0,0,2,2,65,0,0,"ucf",0.227,0.227,0,0,0,0,0,0,0,0,0,1,0,0,1,0,0,0,0,25,4225,15,"Uganda Namba, Uganda 2007 0 5 2 0","7"
"72","Fleming, Unpublished","Uganda",2008,"Namba, Uganda",34.3546,0.8236,0,1,5,1,164478,242,0,557.37,160,136,2.418498468,1,1,0,0,3,3,62,0,0,"ucf",0.151,0.151,0,0,0,0,0,0,0,0,0,1,0,0,1,0,0,0,0,25,3844,16,"Uganda Namba, Uganda 2008 0 5 3 0","7"
"73","Fleming, Unpublished","Uganda",2009,"Namba, Uganda",34.3546,0.8236,0,1,5,1,163360,249,0,540.34,160,136,2.589197364,1,1,0,0,4,3,66,0,0,"ucf",0.162,0.162,0,0,0,0,0,0,0,0,0,1,0,0,1,0,0,0,0,25,4356,17,"Uganda Namba, Uganda 2009 0 5 3 0","7"
"74","Fleming, Unpublished","Uganda",2007,"Pallisa, Uganda",33.71,1.1675,0,1,5,1,380775,279,0,490.72,116,96,2.628501448,1,1,0,0,2,1,88,0,0,"ucf",0.097,0.097,0,0,0,0,0,0,0,0,0,1,0,0,1,0,0,0,0,25,7744,15,"Uganda Pallisa, Uganda 2007 0 5 1 0","7"
"75","Fleming, Unpublished","Uganda",2008,"Pallisa, Uganda",33.71,1.1675,0,1,5,1,386859,289,0,557.37,116,96,2.418498468,1,1,0,0,3,2,95,0,0,"ucf",0.065,0.065,0,0,0,0,0,0,0,0,0,1,0,0,1,0,0,0,0,25,9025,16,"Uganda Pallisa, Uganda 2008 0 5 2 0","7"
"76","Fleming, Unpublished","Uganda",2009,"Pallisa, Uganda",33.71,1.1675,0,1,5,1,464674,299,0,540.34,116,96,2.589197364,1,1,0,0,4,2,85,0,0,"ucf",0.065,0.065,0,0,0,0,0,0,0,0,0,1,0,0,1,0,0,0,0,25,7225,17,"Uganda Pallisa, Uganda 2009 0 5 2 0","7"
"77","Fleming, Unpublished","Uganda",2007,"Yumbe City, Uganda",31.25,3.4667,0,1,5,1,131814,156,0,490.72,229,203,2.628501448,1,1,0,0,2,2,85,0,0,"ucf",0.259,0.259,0,0,0,0,0,0,0,0,0,1,0,0,1,0,0,0,0,25,7225,15,"Uganda Yumbe City, Uganda 2007 0 5 2 0","7"
"78","Fleming, Unpublished","Uganda",2008,"Yumbe City, Uganda",31.25,3.4667,0,1,5,1,362893,169,0,557.37,229,203,2.418498468,1,1,0,0,3,3,90,0,0,"ucf",0.065,0.065,0,0,0,0,0,0,0,0,0,1,0,0,1,0,0,0,0,25,8100,16,"Uganda Yumbe City, Uganda 2008 0 5 3 0","7"
"79","Fleming, Unpublished","Uganda",2009,"Yumbe City, Uganda",31.25,3.4667,0,1,5,1,264126,183,0,540.34,229,203,2.589197364,1,1,0,0,4,3,41,0,0,"ucf",0.097,0.097,0,0,0,0,0,0,0,0,0,1,0,0,1,0,0,0,0,25,1681,17,"Uganda Yumbe City, Uganda 2009 0 5 3 0","7"
"80","Frick et al. 2001","Nepal",1995,"Kailali, Nepal",80.6023,28.6729,0,0,1,1,2052,129,0,253.87,0,0,3.701934559,0,0,0,0,1,1,79,0,0,"ucf",0.071351675,0.071351675,0,0,0,0,0,1,0,0,0,0,0,0,0,0,0,0,0,1,6241,3,"Nepal Kailali, Nepal 1995 0 1 1 0","8"
"81","Gabrielli et al. 2006","Burkina Faso",2004,"Burkina Faso",-1.5616,12.2383,1,0,2,1,1324388,47.63983,1,450.88,NA,NA,2.640635904,1,0,0,0,1,1,96,0,0,"ucf",0.103,0.103,0,0,0,0,0,0,0,0,0,0,0,0,0,0,0,0,0,4,9216,12,"Burkina Faso Burkina Faso 2004 1 2 1 0","9"
"82","Gabrielli et al. 2006","Burkina Faso",2004,"Burkina Faso",-1.5616,12.2383,0,1,2,1,1998176,47.63983,1,450.88,NA,NA,2.640635904,1,0,0,0,1,1,88,0,0,"ucf",0.13117105,0.13117105,0,0,0,0,0,0,0,0,0,0,0,0,0,0,0,0,0,4,7744,12,"Burkina Faso Burkina Faso 2004 0 2 1 0","9"
"99","Goldman et al. 2011","Haiti",2008,"Haiti",-72.2852,18.9712,0,1,2,1,633261,349.719,1,722.53,NA,NA,1.799153556,1,1,0,1,3,1,95,0,0,"ucf",0.434055463,0.434055463,0,0,0,0,0,0,0,0,0,0,0,0,0,0,0,0,0,4,9025,16,"Haiti Haiti 2008 0 2 1 0","11"
"100","Hodges et al. 2010","Sierra Leone",2010,"Western Area, Sierra Leone",-13.2341,8.485,0,1,1,0,1104407,1700,0,468.15,0,0,2.471672405,0,0,0,0,1,1,86,0,1,"ucf",0.129002837,0.129002837,0,0,0,0,0,0,0,0,0,0,0,0,0,0,0,0,0,1,7396,18,"Sierra Leone Western Area, Sierra Leone 2010 0 1 1 0","13"
"101","Kabatereine et al. 2005","Uganda",2004,"Busia City, Uganda",34.1115,0.4608,1,0,1,1,20058,326,0,359.8,195,161,3.282005892,0,0,0,0,2,1,85,0,0,"ucf",0.129,0.129,0,0,1,0,0,0,0,0,0,0,0,0,1,0,0,0,0,1,7225,12,"Uganda Busia City, Uganda 2004 1 1 1 0","14"
"102","Kabatereine et al. 2005","Uganda",2004,"Mayuge City, Uganda",33.4804,0.4563,1,0,1,1,35510,322,0,359.8,116,98,3.282005892,0,0,0,0,2,1,85,0,0,"ucf",0.077,0.077,0,0,1,0,0,0,0,0,0,0,0,0,1,0,0,0,0,1,7225,12,"Uganda Mayuge City, Uganda 2004 1 1 1 0","14"
"103","Kabatereine et al. 2005","Uganda",2004,"Nebbi, Uganda",31.09,2.4792,1,0,1,1,12185,144,0,359.8,173,133,3.282005892,0,0,0,0,8,1,85,0,0,"ucf",0.099,0.099,0,0,1,0,0,0,0,0,0,0,0,0,1,0,0,0,0,1,7225,12,"Uganda Nebbi, Uganda 2004 1 1 1 0","14"
"104","Kabatereine et al. 2005","Uganda",2004,"Wakiso City, Uganda",32.4781,0.3981,1,0,1,1,37837,518,0,359.8,18,19,3.282005892,0,0,0,0,1,1,85,0,0,"ucf",0.112,0.112,0,0,1,0,0,0,0,0,0,0,0,0,1,0,0,0,0,1,7225,12,"Uganda Wakiso City, Uganda 2004 1 1 1 0","14"
"105","Katabarwa et al. 2002","Uganda",1998,"Adjumani, Uganda",31.7671,3.3744,0,1,1,1,114519,67,0,371.19,108,105,2.839927646,0,NA,0,0,1,1,98,1,0,"ucf",0.107,0.107,0,0,0,0,0,0,0,0,0,0,1,0,1,0,0,0,0,1,9604,6,"Uganda Adjumani, Uganda 1998 0 1 1 0","15"
"106","Katabarwa et al. 2002","Uganda",1999,"Adjumani, Uganda",31.7671,3.3744,0,1,1,1,119953,67,0,326,108,105,3.382617592,0,NA,0,0,2,1,100,1,0,"ucf",0.2,0.2,0,0,0,0,0,0,0,0,0,0,1,0,1,0,0,0,0,1,10000,7,"Uganda Adjumani, Uganda 1999 0 1 1 0","15"
"107","Katabarwa et al. 2002","Uganda",2000,"Adjumani, Uganda",31.7671,3.3744,0,1,1,1,125388,67,0,312.96,108,105,3.519411035,0,NA,0,0,3,1,95,1,0,"ucf",0.11,0.11,0,0,0,0,0,0,0,0,0,0,1,0,1,0,0,0,0,1,9025,8,"Uganda Adjumani, Uganda 2000 0 1 1 0","15"
"108","Katabarwa et al. 2002","Uganda",1997,"Apac, Uganda",32.5278,1.9909,0,1,1,1,5823,65,0,388.41,116,99,2.668629722,0,NA,0,0,1,1,96,1,0,"ucf",0.782,0.782,0,0,0,0,0,0,0,0,0,0,1,0,1,0,0,0,0,1,9216,5,"Uganda Apac, Uganda 1997 0 1 1 0","15"
"109","Katabarwa et al. 2002","Uganda",1998,"Apac, Uganda",32.5278,1.9909,0,1,1,1,6599,67,0,371.19,116,99,2.839927646,0,NA,0,0,2,1,89,1,0,"ucf",1.902,1.902,0,0,0,0,0,0,0,0,0,0,1,0,1,0,0,0,0,1,7921,6,"Uganda Apac, Uganda 1998 0 1 1 0","15"
"110","Katabarwa et al. 2002","Uganda",1999,"Apac, Uganda",32.5278,1.9909,0,1,1,1,5823,69,0,326,116,99,3.382617592,0,NA,0,0,3,1,95,1,0,"ucf",1.874,1.874,0,0,0,0,0,0,0,0,0,0,1,0,1,0,0,0,0,1,9025,7,"Uganda Apac, Uganda 1999 0 1 1 0","15"
"111","Katabarwa et al. 2002","Uganda",2000,"Apac, Uganda",32.5278,1.9909,0,1,1,1,12034,72,0,312.96,116,99,3.519411035,0,NA,0,0,4,1,99,1,0,"ucf",0.812,0.812,0,0,0,0,0,0,0,0,0,0,1,0,1,0,0,0,0,1,9801,8,"Uganda Apac, Uganda 2000 0 1 1 0","15"
"112","Katabarwa et al. 2002","Uganda",1997,"Gulu, Uganda",32.3,2.78,0,1,1,1,126165,73,0,388.41,0,0,2.668629722,0,NA,0,0,1,1,96,1,0,"ucf",0.067,0.067,0,0,0,0,0,0,0,0,0,0,1,0,1,0,0,0,0,1,9216,5,"Uganda Gulu, Uganda 1997 0 1 1 0","15"
"113","Katabarwa et al. 2002","Uganda",1998,"Gulu, Uganda",32.3,2.78,0,1,1,1,126165,75,0,371.19,0,0,2.839927646,0,NA,0,0,2,1,96,1,0,"ucf",0.053,0.053,0,0,0,0,0,0,0,0,0,0,1,0,1,0,0,0,0,1,9216,6,"Uganda Gulu, Uganda 1998 0 1 1 0","15"
"114","Katabarwa et al. 2002","Uganda",1999,"Gulu, Uganda",32.3,2.78,0,1,1,1,135481,78,0,326,0,0,3.382617592,0,NA,0,0,3,1,100,1,0,"ucf",0.093,0.093,0,0,0,0,0,0,0,0,0,0,1,0,1,0,0,0,0,1,10000,7,"Uganda Gulu, Uganda 1999 0 1 1 0","15"
"115","Katabarwa et al. 2002","Uganda",2000,"Gulu, Uganda",32.3,2.78,0,1,1,1,133152,81,0,312.96,0,0,3.519411035,0,NA,0,0,4,1,97,1,0,"ucf",0.105,0.105,0,0,0,0,0,0,0,0,0,0,1,0,1,0,0,0,0,1,9409,8,"Uganda Gulu, Uganda 2000 0 1 1 0","15"
"116","Katabarwa et al. 2002","Uganda",1997,"Kabale, Uganda",30.2751,0.6583,0,1,1,1,11258,273,0,388.41,75,59,2.668629722,0,NA,0,0,1,1,89,1,0,"ucf",0.876,0.876,0,0,0,0,0,0,0,0,0,0,1,0,1,0,0,0,0,1,7921,5,"Uganda Kabale, Uganda 1997 0 1 1 0","15"
"117","Katabarwa et al. 2002","Uganda",1998,"Kabale, Uganda",30.2751,0.6583,0,1,1,1,12034,273,0,371.19,75,59,2.839927646,0,NA,0,0,2,1,96,1,0,"ucf",0.963,0.963,0,0,0,0,0,0,0,0,0,0,1,0,1,0,0,0,0,1,9216,6,"Uganda Kabale, Uganda 1998 0 1 1 0","15"
"118","Katabarwa et al. 2002","Uganda",1999,"Kabale, Uganda",30.2751,0.6583,0,1,1,1,12034,273,0,326,75,59,3.382617592,0,NA,0,0,3,1,93,1,0,"ucf",1.416,1.416,0,0,0,0,0,0,0,0,0,0,1,0,1,0,0,0,0,1,8649,7,"Uganda Kabale, Uganda 1999 0 1 1 0","15"
"119","Katabarwa et al. 2002","Uganda",2000,"Kabale, Uganda",30.2751,0.6583,0,1,1,1,14363,273,0,312.96,75,59,3.519411035,0,NA,0,0,4,1,81,1,0,"ucf",1.153,1.153,0,0,0,0,0,0,0,0,0,0,1,0,1,0,0,0,0,1,6561,8,"Uganda Kabale, Uganda 2000 0 1 1 0","15"
"120","Katabarwa et al. 2002","Uganda",1997,"Kasese, Uganda",30.090373,0.190707,0,1,1,1,46972,176,0,388.41,0,0,2.668629722,0,NA,0,0,1,1,68,1,0,"ucf",0.181,0.181,0,0,0,0,0,0,0,0,0,0,1,0,1,0,0,0,0,1,4624,5,"Uganda Kasese, Uganda 1997 0 1 1 0","15"
"121","Katabarwa et al. 2002","Uganda",1998,"Kasese, Uganda",30.090373,0.190707,0,1,1,1,57842,176,0,371.19,0,0,2.839927646,0,NA,0,0,2,1,81,1,0,"ucf",0.248,0.248,0,0,0,0,0,0,0,0,0,0,1,0,1,0,0,0,0,1,6561,6,"Uganda Kasese, Uganda 1998 0 1 1 0","15"
"122","Katabarwa et al. 2002","Uganda",1999,"Kasese, Uganda",30.090373,0.190707,0,1,1,1,58618,176,0,326,0,0,3.382617592,0,NA,0,0,3,1,80,1,0,"ucf",0.197,0.197,0,0,0,0,0,0,0,0,0,0,1,0,1,0,0,0,0,1,6400,7,"Uganda Kasese, Uganda 1999 0 1 1 0","15"
"123","Katabarwa et al. 2002","Uganda",2000,"Kasese, Uganda",30.090373,0.190707,0,1,1,1,68711,176,0,312.96,0,0,3.519411035,0,NA,0,0,4,1,87,1,0,"ucf",0.253,0.253,0,0,0,0,0,0,0,0,0,0,1,0,1,0,0,0,0,1,7569,8,"Uganda Kasese, Uganda 2000 0 1 1 0","15"
"124","Katabarwa et al. 2002","Uganda",1997,"Kisoro, Uganda",29.6453,-1.218,0,1,1,1,12034,314,0,388.41,202,113,2.668629722,0,NA,0,0,1,1,82,1,0,"ucf",0.781,0.781,0,0,0,0,0,0,0,0,0,0,1,0,1,0,0,0,0,1,6724,5,"Uganda Kisoro, Uganda 1997 0 1 1 0","15"
"125","Katabarwa et al. 2002","Uganda",1998,"Kisoro, Uganda",29.6453,-1.218,0,1,1,1,13587,314,0,371.19,202,113,2.839927646,0,NA,0,0,2,1,83,1,0,"ucf",0.607,0.607,0,0,0,0,0,0,0,0,0,0,1,0,1,0,0,0,0,1,6889,6,"Uganda Kisoro, Uganda 1998 0 1 1 0","15"
"126","Katabarwa et al. 2002","Uganda",1999,"Kisoro, Uganda",29.6453,-1.218,0,1,1,1,14363,314,0,326,202,113,3.382617592,0,NA,0,0,3,1,88,1,0,"ucf",0.951,0.951,0,0,0,0,0,0,0,0,0,0,1,0,1,0,0,0,0,1,7744,7,"Uganda Kisoro, Uganda 1999 0 1 1 0","15"
"127","Katabarwa et al. 2002","Uganda",2000,"Kisoro, Uganda",29.6453,-1.218,0,1,1,1,15916,314,0,312.96,202,113,3.519411035,0,NA,0,0,4,1,88,1,0,"ucf",0.917,0.917,0,0,0,0,0,0,0,0,0,0,1,0,1,0,0,0,0,1,7744,8,"Uganda Kisoro, Uganda 2000 0 1 1 0","15"
"128","Katabarwa et al. 2002","Uganda",1998,"Mbale, Uganda",34.1704,1.0732,0,1,1,1,157997,641,0,384.24,0,0,2.668629722,0,NA,0,0,1,1,96,1,0,"ucf",0.093,0.093,0,0,0,0,0,0,0,0,0,0,1,0,1,0,0,0,0,1,9216,6,"Uganda Mbale, Uganda 1998 0 1 1 0","15"
"129","Katabarwa et al. 2002","Uganda",1999,"Mbale, Uganda",34.1704,1.0732,0,1,1,1,168090,641,0,365.59,0,0,2.839927646,0,NA,0,0,2,1,99,1,0,"ucf",0.106,0.106,0,0,0,0,0,0,0,0,0,0,1,0,1,0,0,0,0,1,9801,7,"Uganda Mbale, Uganda 1999 0 1 1 0","15"
"130","Katabarwa et al. 2002","Uganda",2000,"Mbale, Uganda",34.1704,1.0732,0,1,1,1,164208,641,0,318.75,0,0,3.382617592,0,NA,0,0,3,1,92,1,0,"ucf",0.139,0.139,0,0,0,0,0,0,0,0,0,0,1,0,1,0,0,0,0,1,8464,8,"Uganda Mbale, Uganda 2000 0 1 1 0","15"
"131","Katabarwa et al. 2002","Uganda",1997,"Moyo, Uganda",31.72,3.655,0,1,1,1,105202,108,0,328.51,163,152,3.519411035,0,NA,0,0,1,1,91,1,0,"ucf",0.08,0.08,0,0,0,0,0,0,0,0,0,0,1,0,1,0,0,0,0,1,8281,5,"Uganda Moyo, Uganda 1997 0 1 1 0","15"
"132","Katabarwa et al. 2002","Uganda",1998,"Moyo, Uganda",31.72,3.655,0,1,1,1,106755,108,0,384.24,163,152,2.668629722,0,NA,0,0,2,1,89,1,0,"ucf",0.155,0.155,0,0,0,0,0,0,0,0,0,0,1,0,1,0,0,0,0,1,7921,6,"Uganda Moyo, Uganda 1998 0 1 1 0","15"
"133","Katabarwa et al. 2002","Uganda",1999,"Moyo, Uganda",31.72,3.655,0,1,1,1,100543,108,0,365.59,163,152,2.839927646,0,NA,0,0,3,1,82,1,0,"ucf",0.363,0.363,0,0,0,0,0,0,0,0,0,0,1,0,1,0,0,0,0,1,6724,7,"Uganda Moyo, Uganda 1999 0 1 1 0","15"
"134","Katabarwa et al. 2002","Uganda",2000,"Moyo, Uganda",31.72,3.655,0,1,1,1,120730,108,0,318.75,163,152,3.382617592,0,NA,0,0,4,1,96,1,0,"ucf",0.17,0.17,0,0,0,0,0,0,0,0,0,0,1,0,1,0,0,0,0,1,9216,8,"Uganda Moyo, Uganda 2000 0 1 1 0","15"
"135","Katabarwa et al. 2002","Uganda",1997,"Nebbi, Uganda",31.09,2.4792,0,1,1,1,167314,136,0,328.51,173,133,3.519411035,0,NA,0,0,1,1,77,1,0,"ucf",0.081,0.081,0,0,0,0,0,0,0,0,0,0,1,0,1,0,0,0,0,1,5929,5,"Uganda Nebbi, Uganda 1997 0 1 1 0","15"
"136","Katabarwa et al. 2002","Uganda",1998,"Nebbi, Uganda",31.09,2.4792,0,1,1,1,167314,136,0,371.19,173,133,2.839927646,0,NA,0,0,2,1,85,1,0,"ucf",0.136,0.136,0,0,0,0,0,0,0,0,0,0,1,0,1,0,0,0,0,1,7225,6,"Uganda Nebbi, Uganda 1998 0 1 1 0","15"
"137","Katabarwa et al. 2002","Uganda",1999,"Nebbi, Uganda",31.09,2.4792,0,1,1,1,169643,136,0,326,173,133,3.382617592,0,NA,0,0,3,1,96,1,0,"ucf",0.147,0.147,0,0,0,0,0,0,0,0,0,0,1,0,1,0,0,0,0,1,9216,7,"Uganda Nebbi, Uganda 1999 0 1 1 0","15"
"138","Katabarwa et al. 2002","Uganda",2000,"Nebbi, Uganda",31.09,2.4792,0,1,1,1,213121,136,0,312.96,173,133,3.519411035,0,NA,0,0,4,1,98,1,0,"ucf",0.111,0.111,0,0,0,0,0,0,0,0,0,0,1,0,1,0,0,0,0,1,9604,8,"Uganda Nebbi, Uganda 2000 0 1 1 0","15"
"139","Katabarwa et al. 2002","Uganda",1997,"Rukungiri, Uganda",29.9207,-0.7831,0,1,1,1,24457,190,0,388.41,98,93,2.668629722,0,NA,0,0,1,1,96,1,0,"ucf",0.375,0.375,0,0,0,0,0,0,0,0,0,0,1,0,1,0,0,0,0,1,9216,5,"Uganda Rukungiri, Uganda 1997 0 1 1 0","15"
"140","Katabarwa et al. 2002","Uganda",1998,"Rukungiri, Uganda",29.9207,-0.7831,0,1,1,1,26786,190,0,371.19,98,93,2.839927646,0,NA,0,0,2,1,98,1,0,"ucf",0.398,0.398,0,0,0,0,0,0,0,0,0,0,1,0,1,0,0,0,0,1,9604,6,"Uganda Rukungiri, Uganda 1998 0 1 1 0","15"
"141","Katabarwa et al. 2002","Uganda",1999,"Rukungiri, Uganda",29.9207,-0.7831,0,1,1,1,27562,190,0,326,98,93,3.382617592,0,NA,0,0,3,1,100,1,0,"ucf",0.447,0.447,0,0,0,0,0,0,0,0,0,0,1,0,1,0,0,0,0,1,10000,7,"Uganda Rukungiri, Uganda 1999 0 1 1 0","15"
"142","Katabarwa et al. 2002","Uganda",2000,"Rukungiri, Uganda",29.9207,-0.7831,0,1,1,1,29891,190,0,312.96,98,93,3.519411035,0,NA,0,0,4,1,100,1,0,"ucf",0.51,0.51,0,0,0,0,0,0,0,0,0,0,1,0,1,0,0,0,0,1,10000,8,"Uganda Rukungiri, Uganda 2000 0 1 1 0","15"
"143","Kipp et al. 1998","Uganda",1992,"Kabarole, Uganda",30.2751,0.6583,0,1,1,1,40030,87,0,199.53,75,59,4.143509721,1,NA,0,0,2,1,76,1,0,"ucf",0.456,0.456,0,0,0,0,0,0,0,0,0,0,0,0,1,0,0,0,0,1,5776,0,"Uganda Kabarole, Uganda 1992 0 1 1 0","16"
"144","Kolaczinski et al. 2011","South Sudan",2010,"Mayom, South Sudan",29.17,9.23,0,1,1,1,123760,32,0,2617.84,291,482,0.90945674,1,1,0,0,1,1,94,0,0,"ucf",1.353933699,1.353933699,0,0,0,0,0,0,0,0,0,0,0,0,0,0,0,0,0,1,8836,18,"South Sudan Mayom, South Sudan 2010 0 1 1 0","17"
"145","Krishnamamoorthy et al. 2000","India",1996,"Cuddalore, India",79.75,11.75,0,1,1,0,1702108,5463,0,563.82,22,35,3.124614164,0,1,0,0,1,1,75,0,1,"ucf",0.020312948,0.020312948,0,0,0,0,1,0,0,0,0,0,0,0,0,0,0,0,0,1,5625,4,"India Cuddalore, India 1996 0 1 1 0","18"
"146","Krishnamamoorthy et al. 2002","India",1995,"South India, India",79.75,11.75,0,1,1,0,3698,5413,0,469.42,22,35,3.553823849,0,0,0,0,1,1,67,0,1,"ucf",1.645655026,1.645655026,0,0,0,0,0,0,0,0,0,0,0,0,0,0,0,0,0,1,4489,3,"India South India, India 1995 0 1 1 0","19"
"147","Krishnamamoorthy et al. 2002","India",1996,"South India, India",79.75,11.75,0,1,1,0,3698,5463,0,509.34,22,35,3.458858806,0,0,0,0,2,1,67,0,1,"ucf",1.575129553,1.575129553,0,0,0,0,0,0,0,0,0,0,0,0,0,0,0,0,0,1,4489,4,"India South India, India 1996 0 1 1 0","19"
"148","Leslie et al. 2011","Niger",2005,"Gaya, Niger",3.4467,11.8878,1,0,2,1,54450,54,0,313.36,290,241,2.322841941,1,0,0,1,2,1,93,0,0,"ucf",0.083,0.083,0,0,0,0,0,0,0,0,0,0,0,0,0,0,0,0,0,4,8649,13,"Niger Gaya, Niger 2005 1 2 1 0","20"
"149","Leslie et al. 2011","Niger",2005,"Gaya, Niger",3.4467,11.8878,0,1,2,1,46653,54,0,313.36,290,241,2.322841941,1,0,0,1,2,1,74,0,0,"ucf",0.047507583,0.047507583,0,0,0,0,0,0,0,0,0,0,0,0,0,0,0,0,0,4,5476,13,"Niger Gaya, Niger 2005 0 2 1 0","20"
"150","Leslie et al. 2011","Niger",2005,"Kollo, Niger",2.3172,13.3424,0,1,2,1,37402,24,0,313.36,32,36,2.322841941,1,0,0,1,2,1,71,0,0,"ucf",0.047507583,0.047507583,0,0,0,0,0,0,0,0,0,0,0,0,0,0,0,0,0,4,5041,13,"Niger Kollo, Niger 2005 0 2 1 0","20"
"151","Leslie et al. 2011","Niger",2005,"Kollo, Niger",2.3172,13.3424,1,0,2,1,38133,24,0,313.36,32,36,2.322841941,1,0,0,1,2,1,56,0,0,"ucf",0.131,0.131,0,0,0,0,0,0,0,0,0,0,0,0,0,0,0,0,0,4,3136,13,"Niger Kollo, Niger 2005 1 2 1 0","20"
"154","Leslie et al. 2011","Niger",2005,"Tera, Niger",0.7531,14.0106,0,1,2,1,69801,24,0,313.36,174,163,2.322841941,1,0,0,1,2,1,100,0,0,"ucf",0.035630687,0.035630687,0,0,0,0,0,0,0,0,0,0,0,0,0,0,0,0,0,4,10000,13,"Niger Tera, Niger 2005 0 2 1 0","20"
"155","Leslie et al. 2011","Niger",2005,"Tera, Niger",0.7531,14.0106,1,0,2,1,95315,24,0,313.36,174,163,2.322841941,1,0,0,1,2,1,38,0,0,"ucf",0.178,0.178,0,0,0,0,0,0,0,0,0,0,0,0,0,0,0,0,0,4,1444,13,"Niger Tera, Niger 2005 1 2 1 0","20"
"156","Leslie et al. 2011","Niger",2005,"Tillaberi City, Niger",1.45,14.2167,0,1,2,1,58895,24,0,313.36,0,0,2.322841941,1,0,0,1,2,1,71,0,0,"ucf",0.047507583,0.047507583,0,0,0,0,0,0,0,0,0,0,0,0,0,0,0,0,0,4,5041,13,"Niger Tillaberi City, Niger 2005 0 2 1 0","20"
"157","Leslie et al. 2011","Niger",2005,"Tillaberi City, Niger",1.45,14.2167,1,0,2,1,53320,24,0,313.36,0,0,2.322841941,1,0,0,1,2,1,74,0,0,"ucf",0.095,0.095,0,0,0,0,0,0,0,0,0,0,0,0,0,0,0,0,0,4,5476,13,"Niger Tillaberi City, Niger 2005 1 2 1 0","20"
"158","Leslie et al. 2013","Niger",2005,"Niger River Valley, Maradi and Tahoua, Niger",8,16,0,1,1,1,2560546,10,0,313.36,NA,NA,2.322841941,1,0,0,0,1,1,87,0,0,"ucf",0.182,0.182,0,0,0,0,0,0,0,0,0,0,0,0,0,0,0,0,0,1,7569,13,"Niger Niger River Valley, Maradi and Tahoua, Niger 2005 0 1 1 0","21"
"159","Leslie et al. 2013","Niger",2008,"Niger River Valley, Maradi and Tahoua, Niger",8,16,0,1,3,1,3297325,12,0,313.64,NA,NA,1.851112379,1,0,0,0,5,1,62,0,0,"ucf",0.115,0.115,0,0,0,0,0,0,0,0,0,0,0,0,0,0,0,0,0,9,3844,16,"Niger Niger River Valley, Maradi and Tahoua, Niger 2008 0 3 1 0","21"
"160","Leslie et al. 2013","Niger",2009,"Niger River Valley, Maradi and Tahoua, Niger",8,16,0,1,3,1,3991392,12,0,282.45,NA,NA,1.863196938,1,0,0,0,6,1,75,0,0,"ucf",0.087,0.087,0,0,0,0,0,0,0,0,0,0,0,0,0,0,0,0,0,9,5625,17,"Niger Niger River Valley, Maradi and Tahoua, Niger 2009 0 3 1 0","21"
"161","McFarland and Menzies 2005 (unpublished)","Nigeria",2003,"Abakaliki, Nigeria",8.1,6.3333,0,1,1,1,464879,340,0,660.37,0,0,3.047785273,0,1,0,1,5,1,65,1,0,"ucf",0.86550827,0.86550827,0,0,0,0,0,0,0,0,0,0,0,0,0,1,0,0,0,1,4225,11,"Nigeria Abakaliki, Nigeria 2003 0 1 1 0","22"
"162","McFarland and Menzies 2005 (unpublished)","Nigeria",2003,"Anambra, Nigeria",7.0068,6.2758,0,1,1,1,577902,808,0,660.37,0,0,3.047785273,0,1,0,1,5,1,65,1,0,"ucf",0.527748945,0.527748945,0,0,0,0,0,0,0,0,0,0,0,0,0,1,0,0,0,1,4225,11,"Nigeria Anambra, Nigeria 2003 0 1 1 0","22"
"163","McFarland and Menzies 2005 (unpublished)","Cameroon",2003,"Cameroon",12.3547,7.3697,0,1,1,1,2837645,36.43519,1,1016.29,NA,NA,2.326884889,0,1,1,0,5,1,65,1,0,"ucf",1.245487511,1.245487511,0,0,0,0,0,0,0,0,0,0,0,0,0,0,0,0,0,1,4225,11,"Cameroon Cameroon 2003 0 1 1 0","22"
"164","McFarland and Menzies 2005 (unpublished)","Nigeria",2003,"Damaturu, Nigeria",11.9611,11.7444,0,1,1,1,338304,47,0,660.37,459,353,3.047785273,0,1,0,1,5,1,65,1,0,"ucf",0.401089198,0.401089198,0,0,0,0,0,0,0,0,0,0,0,0,0,1,0,0,0,1,4225,11,"Nigeria Damaturu, Nigeria 2003 0 1 1 0","22"
"165","McFarland and Menzies 2005 (unpublished)","Nigeria",2003,"Enugu, Nigeria",7.5,6.5,0,1,1,1,714296,426,0,660.37,0,0,3.047785273,0,1,0,1,5,1,65,1,0,"ucf",0.474974051,0.474974051,0,0,0,0,0,0,0,0,0,0,0,0,0,1,0,0,0,1,4225,11,"Nigeria Enugu, Nigeria 2003 0 1 1 0","22"
"166","McFarland and Menzies 2005 (unpublished)","Cameroon",2003,"Garoua, Cameroon",13.4,9.3,0,1,1,1,271450,24,0,1016.29,0,0,2.326884889,0,1,0,1,5,1,65,1,0,"ucf",0.907728186,0.907728186,0,0,0,0,0,0,0,0,0,0,0,0,0,0,0,0,0,1,4225,11,"Cameroon Garoua, Cameroon 2003 0 1 1 0","22"
"167","McFarland and Menzies 2005 (unpublished)","Uganda",2003,"Hoima, Uganda",31.3525,1.4319,0,1,1,1,76713,98,0,334.66,201,156,3.433323018,0,1,0,1,5,1,65,1,0,"ucf",0.348314304,0.348314304,0,0,0,0,0,0,0,0,0,0,0,0,1,0,0,0,0,1,4225,11,"Uganda Hoima, Uganda 2003 0 1 1 0","22"
"168","McFarland and Menzies 2005 (unpublished)","Nigeria",2003,"Ikom, Nigeria",8.7206,5.9617,0,1,1,1,742264,134,0,660.37,145,116,3.047785273,0,1,0,1,5,1,65,1,0,"ucf",0.369424262,0.369424262,0,0,0,0,0,0,0,0,0,0,0,0,0,1,0,0,0,1,4225,11,"Nigeria Ikom, Nigeria 2003 0 1 1 0","22"
"169","McFarland and Menzies 2005 (unpublished)","Uganda",2003,"Kasese, Uganda",30.090373,0.190707,0,1,1,1,77575,182,0,334.66,0,0,3.433323018,0,1,0,1,7,1,65,1,0,"ucf",0.58052384,0.58052384,0,0,0,0,0,0,0,0,0,0,0,0,1,0,0,0,0,1,4225,11,"Uganda Kasese, Uganda 2003 0 1 1 0","22"
"170","McFarland and Menzies 2005 (unpublished)","Uganda",2003,"Kisoro, Uganda",29.685,-1.285,0,1,1,1,16403,319,0,334.66,469,406,3.433323018,0,1,0,1,7,1,65,1,0,"ucf",2.459310085,2.459310085,0,0,0,0,0,0,0,0,0,0,0,0,1,0,0,0,0,1,4225,11,"Uganda Kisoro, Uganda 2003 0 1 1 0","22"
"171","McFarland and Menzies 2005 (unpublished)","Uganda",2003,"Masindi, Uganda",31.7333,1.6833,0,1,1,1,44326,85,0,334.66,212,169,3.433323018,0,1,0,1,5,1,65,1,0,"ucf",0.67551865,0.67551865,0,0,0,0,0,0,0,0,0,0,0,0,1,0,0,0,0,1,4225,11,"Uganda Masindi, Uganda 2003 0 1 1 0","22"
"172","McFarland and Menzies 2005 (unpublished)","Nigeria",2003,"Nigeria",8.6753,9.082,0,1,1,1,215017,145.5364,1,660.37,NA,NA,3.047785273,0,1,1,0,5,1,65,1,0,"ucf",0.517193966,0.517193966,0,0,0,0,0,0,0,0,0,0,0,0,0,1,0,0,0,1,4225,11,"Nigeria Nigeria 2003 0 1 1 0","22"
"173","McFarland and Menzies 2005 (unpublished)","Uganda",2003,"Uganda",32.2903,1.3733,0,1,1,1,434736,134.3197,1,334.66,NA,NA,3.433323018,0,1,1,0,5,1,65,1,0,"ucf",0.664963671,0.664963671,0,0,0,0,0,0,0,0,0,0,0,0,1,0,0,0,0,1,4225,11,"Uganda Uganda 2003 0 1 1 0","22"
"174","McFarland and Menzies 2005 (unpublished)","Cameroon",2003,"Yaounde, Cameroon",11.5167,3.8667,0,1,1,1,163286,44,0,1016.29,0,0,2.326884889,0,1,0,1,5,1,65,1,0,"ucf",1.804901393,1.804901393,0,0,0,0,0,0,0,0,0,0,0,0,0,0,0,0,0,1,4225,11,"Cameroon Yaounde, Cameroon 2003 0 1 1 0","22"
"175","McLaughlin et al. 2003","Haiti",2000,"Leogane, Haiti",-72.6339,18.5108,0,0,1,1,71187,14601,0,570.11,0,0,2.497051191,0,0,0,0,1,1,67,0,1,"ucf",0.151,0.151,0,0,0,0,0,0,0,0,0,0,0,0,0,0,0,0,0,1,4489,8,"Haiti Leogane, Haiti 2000 0 1 1 0","23"
"176","Montresor et al. 2004","Myanmar",2002,"Nyaungdon, Myanmar",95.6432,17.0437,1,0,1,1,25000,240,0,138.53,432,310,5.300147344,0,0,0,0,1,2,98,0,0,"ucf",0.006,0.006,0,0,0,0,0,0,1,0,0,0,0,0,0,0,0,0,0,1,9604,10,"Myanmar Nyaungdon, Myanmar 2002 1 1 2 0","25"
"177","Montresor et al. 2007","Viet Nam",2000,"Viet Nam",106,16,1,0,1,1,120000,250,1,578.15,NA,NA,4.846674352,0,0,0,0,1,1,100,0,0,"ucf",0.907,0.907,0,0,0,0,0,0,0,0,0,0,0,0,0,0,0,0,0,1,10000,8,"Viet Nam Viet Nam 2000 1 1 1 0","26"
"178","Montresor et al. 2007","Viet Nam",2002,"Viet Nam",106,16,1,0,1,1,700000,256,1,612.95,NA,NA,5.0375687,0,0,0,0,3,1,100,0,0,"ucf",0.116,0.116,0,0,0,0,0,0,0,0,0,0,0,0,0,0,0,0,0,1,10000,10,"Viet Nam Viet Nam 2002 1 1 1 0","26"
"179","Montresor et al. 2007","Viet Nam",2005,"Viet Nam",106,16,1,0,1,1,2710000,266,1,830.79,NA,NA,4.435652094,0,0,0,0,6,1,97,0,0,"ucf",0.012,0.012,0,0,0,0,0,0,0,0,0,0,0,0,0,0,0,0,0,1,9409,13,"Viet Nam Viet Nam 2005 1 1 1 0","26"
"180","Onwujekwe et al. 2002","Nigeria",1998,"Abakpa, Nigeria",7.5193,6.4852,0,1,1,1,12407,366,0,384.81,0,0,3.914745542,0,0,0,0,1,1,62,1,0,"ucf",0.381433681,0.381433681,0,0,0,0,0,0,0,0,0,0,0,0,0,1,0,0,0,1,3844,6,"Nigeria Abakpa, Nigeria 1998 0 1 1 0","27"
"181","Onwujekwe et al. 2002","Nigeria",1998,"Achi, Nigeria",7.3667,6.1333,0,1,1,1,10522,366,0,384.81,59,53,3.914745542,0,0,0,0,1,1,59,1,0,"ucf",0.305960596,0.305960596,0,0,0,0,0,0,0,0,0,0,0,0,0,1,0,0,0,1,3481,6,"Nigeria Achi, Nigeria 1998 0 1 1 0","27"
"182","Oshish et al. 2011","Yemen",2008,"Yemen",48.5164,15.5527,1,0,1,1,303105,41.10758,1,1226.44,NA,NA,2.165774574,0,0,0,0,1,1,96,0,0,"ucf",0.484,0.484,0,0,0,0,0,0,0,0,0,0,0,0,0,0,0,0,0,1,9216,16,"Yemen Yemen 2008 1 1 1 0","28"
"183","Oshish et al. 2011","Yemen",2009,"Yemen",48.5164,15.5527,0,1,1,1,686000,42.10395,1,1119.59,NA,NA,2.393080578,0,0,0,0,2,1,83,0,0,"ucf",0.4,0.4,0,0,0,0,0,0,0,0,0,0,0,0,0,0,0,0,0,1,6889,17,"Yemen Yemen 2009 0 1 1 0","28"
"184","Partnership for Child Development 1999","United Republic of Tanzania",1996,"Tanga Region, United Republic of Tanzania",39.102,-5.0886,1,0,2,1,102205,48,0,333.09,0,0,2.855220869,0,0,0,0,1,1,94,0,0,"ucf",0.043,0.043,0,0,0,0,0,0,0,0,0,0,0,0,0,0,0,0,0,4,8836,4,"United Republic of Tanzania Tanga Region, United Republic of Tanzania 1996 1 2 1 0","29"
"185","Partnership for Child Development 1999","Ghana",1996,"Volta Region, Ghana",0.4625,6.6157,1,0,2,1,77314,80,0,803.06,132,117,2.191780822,0,0,0,0,2,1,96,0,0,"ucf",0.057,0.057,0,0,0,0,0,0,0,0,0,0,0,0,0,0,0,0,0,4,9216,4,"Ghana Volta Region, Ghana 1996 1 2 1 0","29"
"186","Phommasack et al. 2008","Lao People's Democratic Republic",2007,"Lao People's Democratic Republic",96.1397,16.7892,1,0,1,1,656844,25.7,1,797.41,NA,NA,2.860993713,0,1,0,0,3,1,95,0,0,"ucf",0.067,0.067,0,0,0,0,0,0,0,0,0,0,0,0,0,0,0,0,0,1,9025,15,"Lao People's Democratic Republic Lao People's Democratic Republic 2007 1 1 1 0","30"
"187","Phommasack et al. 2008","Lao People's Democratic Republic",2007,"Lao People's Democratic Republic",96.1397,16.7892,1,0,1,1,316228,25.7,1,797.41,NA,NA,2.860993713,0,1,0,0,3,2,95,0,0,"ucf",0.067,0.067,0,0,0,0,0,0,0,0,0,0,0,0,0,0,0,0,0,1,9025,15,"Lao People's Democratic Republic Lao People's Democratic Republic 2007 1 1 2 0","30"
"202","Sinuon et al. 2004","Cambodia",2003,"Cambodia",104.991,12.5657,1,0,2,1,945000,73.27424,1,440.93,NA,NA,3.274512923,0,0,0,0,8,2,90,0,0,"ucf",0.121,0.121,0,0,0,0,0,0,0,0,0,0,0,0,0,0,0,1,0,4,8100,11,"Cambodia Cambodia 2003 1 2 2 0","32"
"203","Sinuon et al. 2004","Cambodia",2004,"Cambodia",104.991,12.5657,1,0,2,1,2774564,74.49233,1,482.93,NA,NA,3.224318648,0,0,0,0,9,3,96,0,0,"ucf",0.04,0.04,0,0,0,0,0,0,0,0,0,0,0,0,0,0,0,1,0,4,9216,12,"Cambodia Cambodia 2004 1 2 3 0","32"
"204","Talaat and Evans 2000","Egypt",1997,"Tamiyyah, Egypt",30.9616,29.478,0,0,1,1,30440,336,0,1783.5,46,55,2.597402597,1,1,0,0,1,1,89,0,0,"ucf",0.301,0.301,0,0,0,0,0,0,0,0,0,0,0,0,0,0,1,0,0,1,7921,5,"Egypt Tamiyyah, Egypt 1997 0 1 1 0","33"
"205","Turner et al. 2013","Ghana",2011,"Kintampo North District, Ghana",-1.7167,8.05,0,1,1,1,57802,60,0,1618.66,188,154,2.017879949,0,1,0,0,5,2,82,1,0,"ucf",0.327826853,0.327826853,0,0,0,0,0,0,0,0,0,0,0,0,0,0,0,0,0,1,6724,19,"Ghana Kintampo North District, Ghana 2011 0 1 2 0","34"
"206","Turner et al. 2013","Ghana",2011,"Kpandae, Ghana",-0.0117,8.4705,0,1,1,1,90183,36,0,1618.66,462,360,2.017879949,0,1,0,0,5,1.45,79,1,0,"ucf",0.291725787,0.291725787,0,0,0,0,0,0,0,0,0,0,0,0,0,0,0,0,0,1,6241,19,"Ghana Kpandae, Ghana 2011 0 1 1.45 0","34"
"207","Turner et al. 2013","Ghana",2011,"Pru District, Ghana",-1.2891,8.0445,0,1,1,1,68506,60,0,1618.66,231,201,2.017879949,0,1,0,0,5,2,88,1,0,"ucf",0.306676733,0.306676733,0,0,0,0,0,0,0,0,0,0,0,0,0,0,0,0,0,1,7744,19,"Ghana Pru District, Ghana 2011 0 1 2 0","34"
"208","Turner et al. 2013","Ghana",2011,"Wenchi, Ghana",-2.1008,7.742,0,1,1,1,27881,60,0,1618.66,159,134,2.017879949,0,1,0,0,5,1,90,1,0,"ucf",0.412427331,0.412427331,0,0,0,0,0,0,0,0,0,0,0,0,0,0,0,0,0,1,8100,19,"Ghana Wenchi, Ghana 2011 0 1 1 0","34"
"210","Michael et al. 1996","United Republic of Tanzania",1995,"Tanga Region, United Republic of Tanzania",39.102,-5.0886,0,1,1,1,500,48,0,339.17,0,0,2.855220869,0,NA,0,0,1,2,95,0,1,"ucf",0.476,0.476,0,0,0,0,0,0,0,0,0,0,0,0,0,0,0,0,0,1,9025,3,"United Republic of Tanzania Tanga Region, United Republic of Tanzania 1995 0 1 2 0","24"
"211","Fitzpatrick et al. 2014","Papua New Guinea",2013,"Lihir, Papua New Guinea",152.5641,-3.0787,0,0,1,0,16941,55,0,2159.16,16277,NA,1.251396648,0,NA,0,0,1,1,95,0,0,"ucf",1.559,1.559,0,0,0,0,0,0,0,0,0,0,0,0,0,0,0,0,0,1,9025,21,"Papua New Guinea Lihir, Papua New Guinea 2013 0 1 1 0","6"
"212","Fitzpatrick et al. 2014","Vanuatu",2013,"Tafea, Vanuatu",169.068,-18.6013,0,0,1,0,41509,21,0,3247.05,9520,NA,0.942854293,0,NA,0,0,1,1,96,0,0,"ucf",8.466,8.466,0,0,0,0,0,0,0,0,0,0,0,0,0,0,0,0,1,1,9216,21,"Vanuatu Tafea, Vanuatu 2013 0 1 1 0","6"
"213","Amarillo et al. 2009","Philippines",2003,"Sorsogon City, Philippines",124.0147,12.9927,0,1,1,1,556900,220,0,1290.89,0,0,2.654130552,1,1,0,0,3,1,80,0,1,"uce",0.210078753,0.210078753,1,0,0,0,0,0,0,0,0,0,0,0,0,0,0,0,0,1,6400,11,"Philippines Sorsogon City, Philippines 2003 0 1 1 1","1"
"214","Brooker et al. 2008","Uganda",2003,"Busia City, Uganda",34.1115,0.4608,1,0,2,1,22040,317,0,369.83,195,161,3.106866052,0,1,0,0,1,1,85,0,0,"uce",0.451322035,0.451322035,1,0,0,0,0,0,0,0,1,0,0,0,1,0,0,0,0,4,7225,11,"Uganda Busia City, Uganda 2003 1 2 1 1","2"
"215","Brooker et al. 2008","Uganda",2004,"Busia City, Uganda",34.1115,0.4608,1,0,2,1,21954,326,0,386.88,195,161,3.052266904,0,1,0,0,2,1,85,0,0,"uce",0.403814452,0.403814452,1,0,0,0,0,0,0,0,1,0,0,0,1,0,0,0,0,4,7225,12,"Uganda Busia City, Uganda 2004 1 2 1 1","2"
"216","Brooker et al. 2008","Uganda",2005,"Busia City, Uganda",34.1115,0.4608,1,0,2,1,22643,335,0,387.65,195,161,2.9759167,0,1,0,0,3,1,85,0,0,"uce",0.261291704,0.261291704,1,0,0,0,0,0,0,0,1,0,0,0,1,0,0,0,0,4,7225,13,"Uganda Busia City, Uganda 2005 1 2 1 1","2"
"217","Brooker et al. 2008","Uganda",2003,"Hoima, Uganda",31.3525,1.4319,1,0,2,1,29016,98,0,369.83,201,156,3.106866052,0,1,0,0,5,1,85,0,0,"uce",0.332553078,0.332553078,1,0,0,0,0,0,0,0,1,0,0,0,1,0,0,0,0,4,7225,11,"Uganda Hoima, Uganda 2003 1 2 1 1","2"
"218","Brooker et al. 2008","Uganda",2004,"Hoima, Uganda",31.3525,1.4319,1,0,2,1,30893,103,0,386.88,201,156,3.052266904,0,1,0,0,6,1,85,0,0,"uce",0.2731686,0.2731686,1,0,0,0,0,0,0,0,1,0,0,0,1,0,0,0,0,4,7225,12,"Uganda Hoima, Uganda 2004 1 2 1 1","2"
"219","Brooker et al. 2008","Uganda",2005,"Hoima, Uganda",31.3525,1.4319,1,0,2,1,29032,108,0,387.65,201,156,2.9759167,0,1,0,0,7,1,85,0,0,"uce",0.427568243,0.427568243,1,0,0,0,0,0,0,0,1,0,0,0,1,0,0,0,0,4,7225,13,"Uganda Hoima, Uganda 2005 1 2 1 1","2"
"220","Brooker et al. 2008","Uganda",2003,"Masindi, Uganda",31.7333,1.6833,1,0,2,1,7143,85,0,369.83,212,169,3.106866052,0,1,0,0,1,1,85,0,0,"uce",0.8195058,0.8195058,1,0,0,0,0,0,0,0,1,0,0,0,1,0,0,0,0,4,7225,11,"Uganda Masindi, Uganda 2003 1 2 1 1","2"
"221","Brooker et al. 2008","Uganda",2004,"Masindi, Uganda",31.7333,1.6833,1,0,2,1,12190,90,0,386.88,212,169,3.052266904,0,1,0,0,2,1,85,0,0,"uce",0.534460304,0.534460304,1,0,0,0,0,0,0,0,1,0,0,0,1,0,0,0,0,4,7225,12,"Uganda Masindi, Uganda 2004 1 2 1 1","2"
"222","Brooker et al. 2008","Uganda",2005,"Masindi, Uganda",31.7333,1.6833,1,0,2,1,14414,95,0,387.65,212,169,2.9759167,0,1,0,0,3,1,85,0,0,"uce",0.641352365,0.641352365,1,0,0,0,0,0,0,0,1,0,0,0,1,0,0,0,0,4,7225,13,"Uganda Masindi, Uganda 2005 1 2 1 1","2"
"223","Brooker et al. 2008","Uganda",2003,"Mayuge City, Uganda",33.4804,0.4563,1,0,2,1,8022,311,0,369.83,116,98,3.106866052,0,1,0,0,1,1,85,0,0,"uce",0.748244426,0.748244426,1,0,0,0,0,0,0,0,1,0,0,0,1,0,0,0,0,4,7225,11,"Uganda Mayuge City, Uganda 2003 1 2 1 1","2"
"224","Brooker et al. 2008","Uganda",2004,"Mayuge City, Uganda",33.4804,0.4563,1,0,2,1,35755,322,0,386.88,116,98,3.052266904,0,1,0,0,2,1,85,0,0,"uce",0.261291704,0.261291704,1,0,0,0,0,0,0,0,1,0,0,0,1,0,0,0,0,4,7225,12,"Uganda Mayuge City, Uganda 2004 1 2 1 1","2"
"225","Brooker et al. 2008","Uganda",2005,"Mayuge City, Uganda",33.4804,0.4563,1,0,2,1,11252,334,0,387.65,116,98,2.9759167,0,1,0,0,3,1,85,0,0,"uce",0.783875113,0.783875113,1,0,0,0,0,0,0,0,1,0,0,0,1,0,0,0,0,4,7225,13,"Uganda Mayuge City, Uganda 2005 1 2 1 1","2"
"226","Brooker et al. 2008","Uganda",2003,"Moyo, Uganda",31.72,3.655,1,0,2,1,37080,117,0,369.83,163,152,3.106866052,0,1,0,0,7,1,85,0,0,"uce",0.225661017,0.225661017,1,0,0,0,0,0,0,0,1,0,0,0,1,0,0,0,0,4,7225,11,"Uganda Moyo, Uganda 2003 1 2 1 1","2"
"227","Brooker et al. 2008","Uganda",2004,"Moyo, Uganda",31.72,3.655,1,0,2,1,21588,126,0,386.88,163,152,3.052266904,0,1,0,0,8,1,85,0,0,"uce",0.344429974,0.344429974,1,0,0,0,0,0,0,0,1,0,0,0,1,0,0,0,0,4,7225,12,"Uganda Moyo, Uganda 2004 1 2 1 1","2"
"228","Brooker et al. 2008","Uganda",2005,"Moyo, Uganda",31.72,3.655,1,0,2,1,32419,136,0,387.65,163,152,2.9759167,0,1,0,0,9,1,85,0,0,"uce",0.320676183,0.320676183,1,0,0,0,0,0,0,0,1,0,0,0,1,0,0,0,0,4,7225,13,"Uganda Moyo, Uganda 2005 1 2 1 1","2"
"229","Brooker et al. 2008","Uganda",2003,"Nebbi, Uganda",31.09,2.4792,1,0,2,1,12186,140,0,369.83,173,133,3.106866052,0,1,0,0,7,1,85,0,0,"uce",0.486952722,0.486952722,1,0,0,0,0,0,0,0,1,0,0,0,1,0,0,0,0,4,7225,11,"Uganda Nebbi, Uganda 2003 1 2 1 1","2"
"230","Brooker et al. 2008","Uganda",2004,"Nebbi, Uganda",31.09,2.4792,1,0,2,1,31835,144,0,386.88,173,133,3.052266904,0,1,0,0,8,1,85,0,0,"uce",0.2731686,0.2731686,1,0,0,0,0,0,0,0,1,0,0,0,1,0,0,0,0,4,7225,12,"Uganda Nebbi, Uganda 2004 1 2 1 1","2"
"231","Brooker et al. 2008","Uganda",2005,"Nebbi, Uganda",31.09,2.4792,1,0,2,1,31543,148,0,387.65,173,133,2.9759167,0,1,0,0,9,1,85,0,0,"uce",0.415691348,0.415691348,1,0,0,0,0,0,0,0,1,0,0,0,1,0,0,0,0,4,7225,13,"Uganda Nebbi, Uganda 2005 1 2 1 1","2"
"232","Croce et al. 2010","Cambodia",1995,"Cambodia",104.991,12.5657,0,0,1,1,80635,67.75701,1,381.63,NA,NA,3.319849212,0,1,0,0,1,1,63,0,0,"uce",0.442660582,0.442660582,1,0,0,0,0,0,0,0,0,0,0,1,0,0,0,1,0,1,3969,3,"Cambodia Cambodia 1995 0 1 1 1","3"
"233","Croce et al. 2010","Cambodia",1996,"Cambodia",104.991,12.5657,0,0,1,1,80635,67.75701,1,374.79,NA,NA,3.319849212,0,1,0,0,2,1,63,0,0,"uce",0.442660582,0.442660582,1,0,0,0,0,0,0,0,0,0,0,1,0,0,0,1,0,1,3969,4,"Cambodia Cambodia 1996 0 1 1 1","3"
"234","Croce et al. 2010","Cambodia",1997,"Cambodia",104.991,12.5657,0,0,1,1,80635,67.75701,1,368.48,NA,NA,3.319849212,0,1,0,0,3,1,63,0,0,"uce",1.019293672,1.019293672,1,0,0,0,0,0,0,0,0,0,0,1,0,0,0,1,0,1,3969,5,"Cambodia Cambodia 1997 0 1 1 1","3"
"235","Croce et al. 2010","Cambodia",1999,"Cambodia",104.991,12.5657,0,0,1,1,80635,67.75701,1,359.03,NA,NA,3.319849212,0,1,0,0,4,1,63,0,0,"uce",0.969186587,0.969186587,1,0,0,0,0,0,0,0,0,0,0,1,0,0,0,1,0,1,3969,7,"Cambodia Cambodia 1999 0 1 1 1","3"
"236","Croce et al. 2010","Cambodia",2000,"Cambodia",104.991,12.5657,0,0,1,1,80635,67.75701,1,351.04,NA,NA,3.319849212,0,1,0,0,5,1,63,0,0,"uce",0.944133044,0.944133044,1,0,0,0,0,0,0,0,0,0,0,1,0,0,0,1,0,1,3969,8,"Cambodia Cambodia 2000 0 1 1 1","3"
"237","Croce et al. 2010","Cambodia",2001,"Cambodia",104.991,12.5657,0,0,1,1,80635,67.75701,1,343.22,NA,NA,3.319849212,0,1,0,0,6,1,63,0,0,"uce",0.919091314,0.919091314,1,0,0,0,0,0,0,0,0,0,0,1,0,0,0,1,0,1,3969,9,"Cambodia Cambodia 2001 0 1 1 1","3"
"238","Croce et al. 2010","Cambodia",2002,"Cambodia",104.991,12.5657,0,0,1,1,80635,67.75701,1,338.03,NA,NA,3.319849212,0,1,0,0,7,1,63,0,0,"uce",0.894037771,0.894037771,1,0,0,0,0,0,0,0,0,0,0,1,0,0,0,1,0,1,3969,10,"Cambodia Cambodia 2002 0 1 1 1","3"
"239","Croce et al. 2010","Cambodia",2003,"Cambodia",104.991,12.5657,0,0,1,1,80635,67.75701,1,331.42,NA,NA,3.319849212,0,1,0,0,8,1,63,0,0,"uce",0.868984229,0.868984229,1,0,0,0,0,0,0,0,0,0,0,1,0,0,0,1,0,1,3969,11,"Cambodia Cambodia 2003 0 1 1 1","3"
"240","Croce et al. 2010","Cambodia",2004,"Cambodia",104.991,12.5657,0,0,1,1,80635,67.75701,1,322.55,NA,NA,3.319849212,0,1,0,0,9,1,63,0,0,"uce",0.769878436,0.769878436,1,0,0,0,0,0,0,0,0,0,0,1,0,0,0,1,0,1,3969,12,"Cambodia Cambodia 2004 0 1 1 1","3"
"241","Croce et al. 2010","Cambodia",2005,"Cambodia",104.991,12.5657,0,0,1,1,80635,67.75701,1,312.5,NA,NA,3.319849212,0,1,0,0,10,1,63,0,0,"uce",0.672850577,0.672850577,1,0,0,0,0,0,0,0,0,0,0,1,0,0,0,1,0,1,3969,13,"Cambodia Cambodia 2005 0 1 1 1","3"
"242","Croce et al. 2010","Cambodia",2006,"Cambodia",104.991,12.5657,0,0,1,1,80635,67.75701,1,303.18,NA,NA,3.319849212,0,1,0,0,11,1,63,0,0,"uce",0.649655289,0.649655289,1,0,0,0,0,0,0,0,0,0,0,1,0,0,0,1,0,1,3969,14,"Cambodia Cambodia 2006 0 1 1 1","3"
"262","Fleming, Unpublished","Uganda",2007,"Busia City, Uganda",34.1115,0.4608,0,1,5,1,168457,355,0,490.72,195,161,2.628501448,1,1,0,0,5,1,95,0,0,"uce",0.339989133,0.339989133,1,0,0,0,0,0,0,0,0,1,0,0,1,0,0,0,0,25,9025,15,"Uganda Busia City, Uganda 2007 0 5 1 1","7"
"263","Fleming, Unpublished","Uganda",2008,"Busia City, Uganda",34.1115,0.4608,0,1,5,1,120509,365,0,557.37,195,161,2.418498468,1,1,0,0,6,1,74,0,0,"uce",0.306529885,0.306529885,1,0,0,0,0,0,0,0,0,1,0,0,1,0,0,0,0,25,5476,16,"Uganda Busia City, Uganda 2008 0 5 1 1","7"
"264","Fleming, Unpublished","Uganda",2007,"Dokolo, Uganda",33.1667,1.9167,0,1,5,1,112130,144,0,490.72,55,43,2.628501448,1,1,0,0,2,2,83,0,0,"uce",0.346788915,0.346788915,1,0,0,0,0,0,0,0,0,1,0,0,1,0,0,0,0,25,6889,15,"Uganda Dokolo, Uganda 2007 0 5 2 1","7"
"265","Fleming, Unpublished","Uganda",2008,"Dokolo, Uganda",33.1667,1.9167,0,1,5,1,137260,149,0,557.37,55,43,2.418498468,1,1,0,0,3,2,94,0,0,"uce",0.202914149,0.202914149,1,0,0,0,0,0,0,0,0,1,0,0,1,0,0,0,0,25,8836,16,"Uganda Dokolo, Uganda 2008 0 5 2 1","7"
"266","Fleming, Unpublished","Uganda",2007,"Kamuli City, Uganda",33.125,0.945,0,1,5,1,397000,274,0,490.72,69,78,2.628501448,1,1,0,0,2,2,57,0,0,"uce",0.462385221,0.462385221,1,0,0,0,0,0,0,0,0,1,0,0,1,0,0,0,0,25,3249,15,"Uganda Kamuli City, Uganda 2007 0 5 2 1","7"
"267","Fleming, Unpublished","Uganda",2008,"Kamuli City, Uganda",33.125,0.945,0,1,5,1,573573,283,0,557.37,69,78,2.418498468,1,1,0,0,3,3,77,0,0,"uce",0.440366877,0.440366877,1,0,0,0,0,0,0,0,0,1,0,0,1,0,0,0,0,25,5929,16,"Uganda Kamuli City, Uganda 2008 0 5 3 1","7"
"268","Fleming, Unpublished","Uganda",2007,"Katakwi City, Uganda",33.955,1.915,0,1,5,1,109459,60,0,490.72,149,126,2.628501448,1,1,0,0,2,1,80,0,0,"uce",0.394387394,0.394387394,1,0,0,0,0,0,0,0,0,1,0,0,1,0,0,0,0,25,6400,15,"Uganda Katakwi City, Uganda 2007 0 5 1 1","7"
"269","Fleming, Unpublished","Uganda",2008,"Katakwi City, Uganda",33.955,1.915,0,1,5,1,148168,62,0,557.37,149,126,2.418498468,1,1,0,0,3,1,82,0,0,"uce",0.181327537,0.181327537,1,0,0,0,0,0,0,0,0,1,0,0,1,0,0,0,0,25,6724,16,"Uganda Katakwi City, Uganda 2008 0 5 1 1","7"
"270","Fleming, Unpublished","Uganda",2009,"Katakwi City, Uganda",33.955,1.915,0,1,5,1,135032,65,0,540.34,149,126,2.589197364,1,1,0,0,4,1,80,0,0,"uce",0.254722017,0.254722017,1,0,0,0,0,0,0,0,0,1,0,0,1,0,0,0,0,25,6400,17,"Uganda Katakwi City, Uganda 2009 0 5 1 1","7"
"271","Fleming, Unpublished","Uganda",2007,"Kibaale City, Uganda",31.0777,0.7683,0,1,5,1,226734,125,0,490.72,200,164,2.628501448,1,1,0,0,2,2,86,0,0,"uce",0.693577831,0.693577831,1,0,0,0,0,0,0,0,0,1,0,0,1,0,0,0,0,25,7396,15,"Uganda Kibaale City, Uganda 2007 0 5 2 1","7"
"272","Fleming, Unpublished","Uganda",2008,"Kibaale City, Uganda",31.0777,0.7683,0,1,5,1,246029,131,0,557.37,200,164,2.418498468,1,1,0,0,3,2,93,0,0,"uce",0.323799174,0.323799174,1,0,0,0,0,0,0,0,0,1,0,0,1,0,0,0,0,25,8649,16,"Uganda Kibaale City, Uganda 2008 0 5 2 1","7"
"273","Fleming, Unpublished","Uganda",2008,"Kitgum City, Uganda",32.8789,3.2885,0,1,5,1,296852,54,0,557.37,102,81,2.418498468,1,1,0,0,3,3,70,0,0,"uce",0.453318844,0.453318844,1,0,0,0,0,0,0,0,0,1,0,0,1,0,0,0,0,25,4900,16,"Uganda Kitgum City, Uganda 2008 0 5 3 1","7"
"274","Fleming, Unpublished","Uganda",2009,"Kitgum City, Uganda",32.8789,3.2885,0,1,5,1,273306,56,0,540.34,102,81,2.589197364,1,1,0,0,4,3,75,0,0,"uce",0.280194219,0.280194219,1,0,0,0,0,0,0,0,0,1,0,0,1,0,0,0,0,25,5625,17,"Uganda Kitgum City, Uganda 2009 0 5 3 1","7"
"275","Fleming, Unpublished","Uganda",2007,"Kotido City, Uganda",34.1125,3.0061,0,1,5,1,81305,46,0,490.72,189,146,2.628501448,1,1,0,0,2,2,67,0,0,"uce",0.530383047,0.530383047,1,0,0,0,0,0,0,0,0,1,0,0,1,0,0,0,0,25,4489,15,"Uganda Kotido City, Uganda 2007 0 5 2 1","7"
"276","Fleming, Unpublished","Uganda",2008,"Kotido City, Uganda",34.1125,3.0061,0,1,5,1,152570,49,0,557.37,189,146,2.418498468,1,1,0,0,3,3,70,0,0,"uce",0.138154314,0.138154314,1,0,0,0,0,0,0,0,0,1,0,0,1,0,0,0,0,25,4900,16,"Uganda Kotido City, Uganda 2008 0 5 3 1","7"
"277","Fleming, Unpublished","Uganda",2009,"Kotido City, Uganda",34.1125,3.0061,0,1,5,1,139778,52,0,540.34,189,146,2.589197364,1,1,0,0,4,3,60,0,0,"uce",0.235617866,0.235617866,1,0,0,0,0,0,0,0,0,1,0,0,1,0,0,0,0,25,3600,17,"Uganda Kotido City, Uganda 2009 0 5 3 1","7"
"278","Fleming, Unpublished","Uganda",2007,"Kyenjojo City, Uganda",30.6442,0.61,0,1,5,1,42113,137,0,490.72,243,192,2.628501448,1,1,0,0,2,1,91,0,0,"uce",1.298758487,1.298758487,1,0,0,0,0,0,0,0,0,1,0,0,1,0,0,0,0,25,8281,15,"Uganda Kyenjojo City, Uganda 2007 0 5 1 1","7"
"279","Fleming, Unpublished","Uganda",2008,"Kyenjojo City, Uganda",30.6442,0.61,0,1,5,1,152869,142,0,557.37,243,192,2.418498468,1,1,0,0,3,2,92,0,0,"uce",0.215866116,0.215866116,1,0,0,0,0,0,0,0,0,1,0,0,1,0,0,0,0,25,8464,16,"Uganda Kyenjojo City, Uganda 2008 0 5 2 1","7"
"280","Fleming, Unpublished","Uganda",2007,"Mayuge City, Uganda",33.4804,0.4563,0,1,5,1,54742,359,0,490.72,38,35,2.628501448,1,1,0,0,5,1,51,0,0,"uce",1.053966312,1.053966312,1,0,0,0,0,0,0,0,0,1,0,0,1,0,0,0,0,25,2601,15,"Uganda Mayuge City, Uganda 2007 0 5 1 1","7"
"281","Fleming, Unpublished","Uganda",2008,"Mayuge City, Uganda",33.4804,0.4563,0,1,5,1,182763,372,0,557.37,38,35,2.418498468,1,1,0,0,6,3,41,0,0,"uce",1.113869159,1.113869159,1,0,0,0,0,0,0,0,0,1,0,0,1,0,0,0,0,25,1681,16,"Uganda Mayuge City, Uganda 2008 0 5 3 1","7"
"282","Fleming, Unpublished","Uganda",2009,"Mayuge City, Uganda",33.4804,0.4563,0,1,5,1,361014,385,0,540.34,38,35,2.589197364,1,1,0,0,7,3,90,0,0,"uce",0.273826168,0.273826168,1,0,0,0,0,0,0,0,0,1,0,0,1,0,0,0,0,25,8100,17,"Uganda Mayuge City, Uganda 2009 0 5 3 1","7"
"283","Fleming, Unpublished","Uganda",2007,"Namba, Uganda",34.3546,0.8236,0,1,5,1,140580,236,0,490.72,160,136,2.628501448,1,1,0,0,2,2,65,0,0,"uce",0.30599022,0.30599022,1,0,0,0,0,0,0,0,0,1,0,0,1,0,0,0,0,25,4225,15,"Uganda Namba, Uganda 2007 0 5 2 1","7"
"284","Fleming, Unpublished","Uganda",2008,"Namba, Uganda",34.3546,0.8236,0,1,5,1,164478,242,0,557.37,160,136,2.418498468,1,1,0,0,3,3,62,0,0,"uce",0.259039339,0.259039339,1,0,0,0,0,0,0,0,0,1,0,0,1,0,0,0,0,25,3844,16,"Uganda Namba, Uganda 2008 0 5 3 1","7"
"285","Fleming, Unpublished","Uganda",2009,"Namba, Uganda",34.3546,0.8236,0,1,5,1,163360,249,0,540.34,160,136,2.589197364,1,1,0,0,4,3,66,0,0,"uce",0.248353967,0.248353967,1,0,0,0,0,0,0,0,0,1,0,0,1,0,0,0,0,25,4356,17,"Uganda Namba, Uganda 2009 0 5 3 1","7"
"286","Fleming, Unpublished","Uganda",2007,"Pallisa, Uganda",33.71,1.1675,0,1,5,1,380775,279,0,490.72,116,96,2.628501448,1,1,0,0,2,1,88,0,0,"uce",0.224392828,0.224392828,1,0,0,0,0,0,0,0,0,1,0,0,1,0,0,0,0,25,7744,15,"Uganda Pallisa, Uganda 2007 0 5 1 1","7"
"287","Fleming, Unpublished","Uganda",2008,"Pallisa, Uganda",33.71,1.1675,0,1,5,1,386859,289,0,557.37,116,96,2.418498468,1,1,0,0,3,2,95,0,0,"uce",0.146788959,0.146788959,1,0,0,0,0,0,0,0,0,1,0,0,1,0,0,0,0,25,9025,16,"Uganda Pallisa, Uganda 2008 0 5 2 1","7"
"288","Fleming, Unpublished","Uganda",2009,"Pallisa, Uganda",33.71,1.1675,0,1,5,1,464674,299,0,540.34,116,96,2.589197364,1,1,0,0,4,2,85,0,0,"uce",0.140097109,0.140097109,1,0,0,0,0,0,0,0,0,1,0,0,1,0,0,0,0,25,7225,17,"Uganda Pallisa, Uganda 2009 0 5 2 1","7"
"289","Fleming, Unpublished","Uganda",2007,"Yumbe City, Uganda",31.25,3.4667,0,1,5,1,131814,156,0,490.72,229,203,2.628501448,1,1,0,0,2,2,85,0,0,"uce",0.43518609,0.43518609,1,0,0,0,0,0,0,0,0,1,0,0,1,0,0,0,0,25,7225,15,"Uganda Yumbe City, Uganda 2007 0 5 2 1","7"
"290","Fleming, Unpublished","Uganda",2008,"Yumbe City, Uganda",31.25,3.4667,0,1,5,1,362893,169,0,557.37,229,203,2.418498468,1,1,0,0,3,3,90,0,0,"uce",0.151106281,0.151106281,1,0,0,0,0,0,0,0,0,1,0,0,1,0,0,0,0,25,8100,16,"Uganda Yumbe City, Uganda 2008 0 5 3 1","7"
"291","Fleming, Unpublished","Uganda",2009,"Yumbe City, Uganda",31.25,3.4667,0,1,5,1,264126,183,0,540.34,229,203,2.589197364,1,1,0,0,4,3,41,0,0,"uce",0.241985916,0.241985916,1,0,0,0,0,0,0,0,0,1,0,0,1,0,0,0,0,25,1681,17,"Uganda Yumbe City, Uganda 2009 0 5 3 1","7"
"295","Goldman et al. 2007","Burkina Faso",2001,"Burkina Faso",-1.5616,12.2383,0,1,1,1,431399,43.66257,1,292.26,NA,NA,3.849534983,0,1,0,0,1,1,77,0,1,"uce",0.1413201,0.1413201,1,0,0,1,0,0,0,0,0,0,0,0,0,0,0,0,0,1,5929,9,"Burkina Faso Burkina Faso 2001 0 1 1 1","10"
"296","Goldman et al. 2007","Burkina Faso",2002,"Burkina Faso",-1.5616,12.2383,0,1,1,1,1801125,44.94298,1,316.53,NA,NA,3.607515333,0,1,0,0,2,1,69,0,1,"uce",0.077083691,0.077083691,1,0,0,1,0,0,0,0,0,0,0,0,0,0,0,0,0,1,4761,10,"Burkina Faso Burkina Faso 2002 0 1 1 1","10"
"297","Goldman et al. 2007","Dominican Republic",2002,"Dominican Republic",-70.1627,18.7357,0,1,1,0,115411,184.9185,1,3737.71,NA,NA,1.995068611,0,1,0,0,1,1,81,0,1,"uce",2.402441703,2.402441703,1,0,0,1,0,0,0,0,0,0,0,0,0,0,0,0,0,1,6561,10,"Dominican Republic Dominican Republic 2002 0 1 1 1","10"
"298","Goldman et al. 2007","Dominican Republic",2003,"Dominican Republic",-70.1627,18.7357,0,1,1,0,250059,187.7342,1,2896.51,NA,NA,2.525393185,0,1,0,0,2,1,75,0,1,"uce",1.11771352,1.11771352,1,0,0,1,0,0,0,0,0,0,0,0,0,0,0,0,0,1,5625,11,"Dominican Republic Dominican Republic 2003 0 1 1 1","10"
"299","Goldman et al. 2007","Egypt",2000,"Egypt",30.8025,26.8206,0,1,1,0,1795553,66.43889,1,2065.8,NA,NA,2.527312454,0,1,0,0,4,1,86,0,1,"uce",1.760077611,1.760077611,1,0,0,1,0,0,0,0,0,0,0,0,0,0,1,0,0,1,7396,8,"Egypt Egypt 2000 0 1 1 1","10"
"300","Goldman et al. 2007","Egypt",2001,"Egypt",30.8025,26.8206,0,1,1,0,2320602,67.51137,1,1821.65,NA,NA,2.902046784,0,1,0,0,5,1,88,0,1,"uce",1.284728184,1.284728184,1,0,0,1,0,0,0,0,0,0,0,0,0,0,1,0,0,1,7744,9,"Egypt Egypt 2001 0 1 1 1","10"
"301","Goldman et al. 2007","Ghana",2002,"Ghana",-1.0232,7.9465,0,1,1,1,1223122,86.95749,1,630.98,NA,NA,3.172690763,0,1,0,0,2,1,74,0,1,"uce",0.218403791,0.218403791,1,0,0,1,0,0,0,0,0,0,0,0,0,0,0,0,0,1,5476,10,"Ghana Ghana 2002 0 1 1 1","10"
"302","Goldman et al. 2007","Haiti",2000,"Leogane, Haiti",-72.6339,18.5108,0,1,1,0,105750,14601,0,570.11,0,0,2.497051191,0,1,0,0,1,1,71,0,1,"uce",2.864943849,2.864943849,1,0,0,1,0,0,0,0,0,0,0,0,0,0,0,0,0,1,5041,8,"Haiti Leogane, Haiti 2000 0 1 1 1","10"
"303","Goldman et al. 2007","Haiti",2001,"Leogane, Haiti",-72.6339,18.5108,0,1,1,0,79713,14748,0,525.09,0,0,2.639654241,0,1,0,0,2,1,53,0,1,"uce",2.51806724,2.51806724,1,0,0,1,0,0,0,0,0,0,0,0,0,0,0,0,0,1,2809,9,"Haiti Leogane, Haiti 2001 0 1 1 1","10"
"304","Goldman et al. 2007","Haiti",2002,"Leogane, Haiti",-72.6339,18.5108,0,1,1,0,121139,14897,0,466.36,0,0,2.91974446,0,1,0,0,3,1,81,0,1,"uce",1.670146639,1.670146639,1,0,0,1,0,0,0,0,0,0,0,0,0,0,0,0,0,1,6561,10,"Haiti Leogane, Haiti 2002 0 1 1 1","10"
"305","Goldman et al. 2007","Haiti",2002,"Milot, Haiti",-72.2186,19.6047,0,1,1,0,100376,8741,0,466.36,22,24,2.91974446,0,1,0,0,1,1,80,0,1,"uce",1.413201002,1.413201002,1,0,0,1,0,0,0,0,0,0,0,0,0,0,0,0,0,1,6400,10,"Haiti Milot, Haiti 2002 0 1 1 1","10"
"306","Goldman et al. 2007","Philippines",2003,"Philippines",121.774,12.8797,0,1,1,1,556912,277.0389,1,1290.89,NA,NA,2.654130552,0,1,0,0,3,1,81,0,1,"uce",0.244098355,0.244098355,1,0,0,1,0,0,0,0,0,0,0,0,0,0,0,0,0,1,6561,11,"Philippines Philippines 2003 0 1 1 1","10"
"307","Goldman et al. 2007","United Republic of Tanzania",2000,"Tanga Region, United Republic of Tanzania",39.102,-5.0886,0,1,1,1,37000,61,0,390.59,0,0,2.575189179,0,1,0,0,1,1,91,0,1,"uce",0.693753219,0.693753219,1,0,0,1,0,0,0,0,0,0,0,0,0,0,0,0,0,1,8281,8,"United Republic of Tanzania Tanga Region, United Republic of Tanzania 2000 0 1 1 1","10"
"308","Goldman et al. 2007","United Republic of Tanzania",2001,"United Republic of Tanzania",34.8888,-6.369,0,1,1,1,118220,39.39422,1,379.15,NA,NA,2.738156608,0,1,0,0,2,1,65,0,1,"uce",0.539585837,0.539585837,1,0,0,1,0,0,0,0,0,0,0,0,0,0,0,0,0,1,4225,9,"United Republic of Tanzania United Republic of Tanzania 2001 0 1 1 1","10"
"309","Goldman et al. 2007","United Republic of Tanzania",2002,"United Republic of Tanzania",34.8888,-6.369,0,1,1,1,437698,40.42278,1,380.87,NA,NA,2.865350068,0,1,0,0,3,1,82,0,1,"uce",0.34687661,0.34687661,1,0,0,1,0,0,0,0,0,0,0,0,0,0,0,0,0,1,6724,10,"United Republic of Tanzania United Republic of Tanzania 2002 0 1 1 1","10"
"310","Goldman et al. 2007","United Republic of Tanzania",2003,"United Republic of Tanzania",34.8888,-6.369,0,1,1,1,511671,41.50015,1,395.06,NA,NA,2.898153523,0,1,0,0,4,1,74,0,1,"uce",0.334029328,0.334029328,1,0,0,1,0,0,0,0,0,0,0,0,0,0,0,0,0,1,5476,11,"United Republic of Tanzania United Republic of Tanzania 2003 0 1 1 1","10"
"311","Goldman et al. 2011","Haiti",2008,"Haiti",-72.2852,18.9712,0,1,2,1,633261,349.719,1,722.53,NA,NA,1.799153556,1,1,0,1,3,1,95,0,0,"uce",0.443925733,0.443925733,1,0,0,0,0,0,0,0,0,0,0,0,0,0,0,0,0,4,9025,16,"Haiti Haiti 2008 0 2 1 1","11"
"356","Kolaczinski et al. 2011","South Sudan",2010,"Mayom, South Sudan",29.17,9.23,0,1,1,1,123760,32,0,2617.84,291,482,0.90945674,1,1,0,0,1,1,94,0,0,"uce",1.611434626,1.611434626,1,0,0,0,0,0,0,0,0,0,0,0,0,0,0,0,0,1,8836,18,"South Sudan Mayom, South Sudan 2010 0 1 1 1","17"
"357","Krishnamamoorthy et al. 2000","India",1996,"Cuddalore, India",79.75,11.75,0,1,1,0,1702108,5463,0,563.82,22,35,3.124614164,0,1,0,0,1,1,75,0,1,"uce",0.024601044,0.024601044,1,0,0,0,1,0,0,0,0,0,0,0,0,0,0,0,0,1,5625,4,"India Cuddalore, India 1996 0 1 1 1","18"
"360","Leslie et al. 2011","Niger",2005,"Gaya, Niger",3.4467,11.8878,1,0,2,1,54450,54,0,313.36,290,241,2.322841941,1,0,0,1,2,1,93,0,0,"uce",0.308799287,0.308799287,1,0,0,0,0,0,0,0,0,0,0,0,0,0,0,0,0,4,8649,13,"Niger Gaya, Niger 2005 1 2 1 1","20"
"361","Leslie et al. 2011","Niger",2005,"Gaya, Niger",3.4467,11.8878,0,1,2,1,46653,54,0,313.36,290,241,2.322841941,1,0,0,1,2,1,74,0,0,"uce",0.08313827,0.08313827,1,0,0,0,0,0,0,0,0,0,0,0,0,0,0,0,0,4,5476,13,"Niger Gaya, Niger 2005 0 2 1 1","20"
"362","Leslie et al. 2011","Niger",2005,"Kollo, Niger",2.3172,13.3424,0,1,2,1,37402,24,0,313.36,32,36,2.322841941,1,0,0,1,2,1,71,0,0,"uce",0.08313827,0.08313827,1,0,0,0,0,0,0,0,0,0,0,0,0,0,0,0,0,4,5041,13,"Niger Kollo, Niger 2005 0 2 1 1","20"
"363","Leslie et al. 2011","Niger",2005,"Kollo, Niger",2.3172,13.3424,1,0,2,1,38133,24,0,313.36,32,36,2.322841941,1,0,0,1,2,1,56,0,0,"uce",0.486952722,0.486952722,1,0,0,0,0,0,0,0,0,0,0,0,0,0,0,0,0,4,3136,13,"Niger Kollo, Niger 2005 1 2 1 1","20"
"364","Leslie et al. 2011","Niger",2004,"Niger River Valley, Niger",1.8836,13.6765,1,0,2,1,364593,24,0,305.32,103,99.375,2.377259582,1,1,1,0,1,1,41,0,0,"uce",0.466318809,0.466318809,1,0,0,0,0,0,0,0,0,0,0,0,0,0,0,0,0,4,1681,12,"Niger Niger River Valley, Niger 2004 1 2 1 1","20"
"365","Leslie et al. 2011","Niger",2005,"Niger River Valley, Niger",1.8836,13.6765,1,0,2,1,453969,24,0,319.02,103,99.375,2.359145779,1,1,1,0,2,1,41,0,0,"uce",0.264655711,0.264655711,1,0,0,0,0,0,0,0,0,0,0,0,0,0,0,0,0,4,1681,13,"Niger Niger River Valley, Niger 2005 1 2 1 1","20"
"366","Leslie et al. 2011","Niger",2005,"Tera, Niger",0.7531,14.0106,0,1,2,1,69801,24,0,313.36,174,163,2.322841941,1,0,0,1,2,1,100,0,0,"uce",0.059384478,0.059384478,1,0,0,0,0,0,0,0,0,0,0,0,0,0,0,0,0,4,10000,13,"Niger Tera, Niger 2005 0 2 1 1","20"
"367","Leslie et al. 2011","Niger",2005,"Tera, Niger",0.7531,14.0106,1,0,2,1,95315,24,0,313.36,174,163,2.322841941,1,0,0,1,2,1,38,0,0,"uce",0.653229261,0.653229261,1,0,0,0,0,0,0,0,0,0,0,0,0,0,0,0,0,4,1444,13,"Niger Tera, Niger 2005 1 2 1 1","20"
"368","Leslie et al. 2011","Niger",2005,"Tillaberi City, Niger",1.45,14.2167,0,1,2,1,58895,24,0,313.36,0,0,2.322841941,1,0,0,1,2,1,71,0,0,"uce",0.071261374,0.071261374,1,0,0,0,0,0,0,0,0,0,0,0,0,0,0,0,0,4,5041,13,"Niger Tillaberi City, Niger 2005 0 2 1 1","20"
"369","Leslie et al. 2011","Niger",2005,"Tillaberi City, Niger",1.45,14.2167,1,0,2,1,53320,24,0,313.36,0,0,2.322841941,1,0,0,1,2,1,74,0,0,"uce",0.332553078,0.332553078,1,0,0,0,0,0,0,0,0,0,0,0,0,0,0,0,0,4,5476,13,"Niger Tillaberi City, Niger 2005 1 2 1 1","20"
"371","Leslie et al. 2013","Niger",2008,"Niger River Valley, Maradi and Tahoua, Niger",8,16,0,1,3,1,3297325,12,0,313.64,NA,NA,1.851112379,1,0,0,0,5,1,62,0,0,"uce",0.17152564,0.17152564,1,0,0,0,0,0,0,0,0,0,0,0,0,0,0,0,0,9,3844,16,"Niger Niger River Valley, Maradi and Tahoua, Niger 2008 0 3 1 1","21"
"372","Leslie et al. 2013","Niger",2009,"Niger River Valley, Maradi and Tahoua, Niger",8,16,0,1,3,1,3991392,12,0,282.45,NA,NA,1.863196938,1,0,0,0,6,1,75,0,0,"uce",0.14148134,0.14148134,1,0,0,0,0,0,0,0,0,0,0,0,0,0,0,0,0,9,5625,17,"Niger Niger River Valley, Maradi and Tahoua, Niger 2009 0 3 1 1","21"
"373","McFarland and Menzies 2005 (unpublished)","Nigeria",2003,"Abakaliki, Nigeria",8.1,6.3333,0,1,1,1,464879,340,0,660.37,0,0,3.047785273,0,1,0,1,5,1,65,1,0,"uce",1.005236086,1.005236086,1,0,0,0,0,0,0,0,0,0,0,0,0,1,0,0,0,1,4225,11,"Nigeria Abakaliki, Nigeria 2003 0 1 1 1","22"
"374","McFarland and Menzies 2005 (unpublished)","Nigeria",2003,"Anambra, Nigeria",7.0068,6.2758,0,1,1,1,577902,808,0,660.37,0,0,3.047785273,0,1,0,1,5,1,65,1,0,"uce",0.612948833,0.612948833,1,0,0,0,0,0,0,0,0,0,0,0,0,1,0,0,0,1,4225,11,"Nigeria Anambra, Nigeria 2003 0 1 1 1","22"
"375","McFarland and Menzies 2005 (unpublished)","Cameroon",2003,"Cameroon",12.3547,7.3697,0,1,1,1,2837645,36.43519,1,1016.29,NA,NA,2.326884889,0,1,1,0,5,1,65,1,0,"uce",1.446559246,1.446559246,1,0,0,0,0,0,0,0,0,0,0,0,0,0,0,0,0,1,4225,11,"Cameroon Cameroon 2003 0 1 1 1","22"
"376","McFarland and Menzies 2005 (unpublished)","Nigeria",2003,"Damaturu, Nigeria",11.9611,11.7444,0,1,1,1,338304,47,0,660.37,459,353,3.047785273,0,1,0,1,5,1,65,1,0,"uce",0.465841113,0.465841113,1,0,0,0,0,0,0,0,0,0,0,0,0,1,0,0,0,1,4225,11,"Nigeria Damaturu, Nigeria 2003 0 1 1 1","22"
"377","McFarland and Menzies 2005 (unpublished)","Nigeria",2003,"Enugu, Nigeria",7.5,6.5,0,1,1,1,714296,426,0,660.37,0,0,3.047785273,0,1,0,1,5,1,65,1,0,"uce",0.55165395,0.55165395,1,0,0,0,0,0,0,0,0,0,0,0,0,1,0,0,0,1,4225,11,"Nigeria Enugu, Nigeria 2003 0 1 1 1","22"
"378","McFarland and Menzies 2005 (unpublished)","Cameroon",2003,"Garoua, Cameroon",13.4,9.3,0,1,1,1,271450,24,0,1016.29,0,0,2.326884889,0,1,0,1,5,1,65,1,0,"uce",1.054271993,1.054271993,1,0,0,0,0,0,0,0,0,0,0,0,0,0,0,0,0,1,4225,11,"Cameroon Garoua, Cameroon 2003 0 1 1 1","22"
"379","McFarland and Menzies 2005 (unpublished)","Uganda",2003,"Hoima, Uganda",31.3525,1.4319,0,1,1,1,76713,98,0,334.66,201,156,3.433323018,0,1,0,1,5,1,65,1,0,"uce",0.40454623,0.40454623,1,0,0,0,0,0,0,0,0,0,0,0,1,0,0,0,0,1,4225,11,"Uganda Hoima, Uganda 2003 0 1 1 1","22"
"380","McFarland and Menzies 2005 (unpublished)","Nigeria",2003,"Ikom, Nigeria",8.7206,5.9617,0,1,1,1,742264,134,0,660.37,145,116,3.047785273,0,1,0,1,5,1,65,1,0,"uce",0.429064183,0.429064183,1,0,0,0,0,0,0,0,0,0,0,0,0,1,0,0,0,1,4225,11,"Nigeria Ikom, Nigeria 2003 0 1 1 1","22"
"381","McFarland and Menzies 2005 (unpublished)","Uganda",2003,"Kasese, Uganda",30.090373,0.190707,0,1,1,1,77575,182,0,334.66,0,0,3.433323018,0,1,0,1,7,1,65,1,0,"uce",0.674243716,0.674243716,1,0,0,0,0,0,0,0,0,0,0,0,1,0,0,0,0,1,4225,11,"Uganda Kasese, Uganda 2003 0 1 1 1","22"
"382","McFarland and Menzies 2005 (unpublished)","Uganda",2003,"Kisoro, Uganda",29.685,-1.285,0,1,1,1,16403,319,0,334.66,469,406,3.433323018,0,1,0,1,7,1,65,1,0,"uce",2.856341562,2.856341562,1,0,0,0,0,0,0,0,0,0,0,0,1,0,0,0,0,1,4225,11,"Uganda Kisoro, Uganda 2003 0 1 1 1","22"
"383","McFarland and Menzies 2005 (unpublished)","Uganda",2003,"Masindi, Uganda",31.7333,1.6833,0,1,1,1,44326,85,0,334.66,212,169,3.433323018,0,1,0,1,5,1,65,1,0,"uce",0.784574506,0.784574506,1,0,0,0,0,0,0,0,0,0,0,0,1,0,0,0,0,1,4225,11,"Uganda Masindi, Uganda 2003 0 1 1 1","22"
"384","McFarland and Menzies 2005 (unpublished)","Nigeria",2003,"Nigeria",8.6753,9.082,0,1,1,1,215017,145.5364,1,660.37,NA,NA,3.047785273,0,1,1,0,5,1,65,1,0,"uce",0.600689856,0.600689856,1,0,0,0,0,0,0,0,0,0,0,0,0,1,0,0,0,1,4225,11,"Nigeria Nigeria 2003 0 1 1 1","22"
"385","McFarland and Menzies 2005 (unpublished)","Uganda",2003,"Uganda",32.2903,1.3733,0,1,1,1,434736,134.3197,1,334.66,NA,NA,3.433323018,0,1,1,0,5,1,65,1,0,"uce",0.77231553,0.77231553,1,0,0,0,0,0,0,0,0,0,0,0,1,0,0,0,0,1,4225,11,"Uganda Uganda 2003 0 1 1 1","22"
"386","McFarland and Menzies 2005 (unpublished)","Cameroon",2003,"Yaounde, Cameroon",11.5167,3.8667,0,1,1,1,163286,44,0,1016.29,0,0,2.326884889,0,1,0,1,5,1,65,1,0,"uce",2.096285009,2.096285009,1,0,0,0,0,0,0,0,0,0,0,0,0,0,0,0,0,1,4225,11,"Cameroon Yaounde, Cameroon 2003 0 1 1 1","22"
"392","Onwujekwe et al. 2002","Nigeria",1998,"Abakpa, Nigeria",7.5193,6.4852,0,1,1,1,12407,366,0,384.81,0,0,3.914745542,0,0,0,0,1,1,62,1,0,"uce",0.584000256,0.584000256,1,0,0,0,0,0,0,0,0,0,0,0,0,1,0,0,0,1,3844,6,"Nigeria Abakpa, Nigeria 1998 0 1 1 1","27"
"393","Onwujekwe et al. 2002","Nigeria",1998,"Achi, Nigeria",7.3667,6.1333,0,1,1,1,10522,366,0,384.81,59,53,3.914745542,0,0,0,0,1,1,59,1,0,"uce",0.555770109,0.555770109,1,0,0,0,0,0,0,0,0,0,0,0,0,1,0,0,0,1,3481,6,"Nigeria Achi, Nigeria 1998 0 1 1 1","27"
"396","Partnership for Child Development 1999","United Republic of Tanzania",1996,"Tanga Region, United Republic of Tanzania",39.102,-5.0886,1,0,2,1,102205,48,0,333.09,0,0,2.855220869,0,0,0,0,1,1,94,0,0,"uce",0.085465521,0.085465521,1,0,0,0,0,0,0,0,0,0,0,0,0,0,0,0,0,4,8836,4,"United Republic of Tanzania Tanga Region, United Republic of Tanzania 1996 1 2 1 1","29"
"397","Partnership for Child Development 1999","Ghana",1996,"Volta Region, Ghana",0.4625,6.6157,1,0,2,1,77314,80,0,803.06,132,117,2.191780822,0,0,0,0,2,1,96,0,0,"uce",0.099709775,0.099709775,1,0,0,0,0,0,0,0,0,0,0,0,0,0,0,0,0,4,9216,4,"Ghana Volta Region, Ghana 1996 1 2 1 1","29"
"398","Phommasack et al. 2008","Lao People's Democratic Republic",2007,"Lao People's Democratic Republic",96.1397,16.7892,1,0,1,1,656844,25.7,1,797.41,NA,NA,2.860993713,0,1,0,0,3,1,95,0,0,"uce",0.190809661,0.190809661,1,0,0,0,0,0,0,0,0,0,0,0,0,0,0,0,0,1,9025,15,"Lao People's Democratic Republic Lao People's Democratic Republic 2007 1 1 1 1","30"
"399","Phommasack et al. 2008","Lao People's Democratic Republic",2007,"Lao People's Democratic Republic",96.1397,16.7892,1,0,1,1,316228,25.7,1,797.41,NA,NA,2.860993713,0,1,0,0,3,2,95,0,0,"uce",0.129077124,0.129077124,1,0,0,0,0,0,0,0,0,0,0,0,0,0,0,0,0,1,9025,15,"Lao People's Democratic Republic Lao People's Democratic Republic 2007 1 1 2 1","30"
"400","Ramzy et al. 2005","Egypt",2000,"Al-Mansoura, Egypt",31.3785,31.0409,0,1,1,0,192063,1276,0,2065.8,0,0,2.527312454,0,1,0,0,4,1,90,0,1,"uce",1.987928243,1.987928243,1,1,0,0,0,0,0,0,0,0,0,0,0,0,1,0,0,1,8100,8,"Egypt Al-Mansoura, Egypt 2000 0 1 1 1","31"
"401","Ramzy et al. 2005","Egypt",2001,"Al-Mansoura, Egypt",31.3785,31.0409,0,1,1,0,426588,1297,0,1821.65,0,0,2.902046784,0,1,0,0,5,1,95,0,1,"uce",1.265321123,1.265321123,1,1,0,0,0,0,0,0,0,0,0,0,0,0,1,0,0,1,9025,9,"Egypt Al-Mansoura, Egypt 2001 0 1 1 1","31"
"402","Ramzy et al. 2005","Egypt",2000,"Banha, Egypt",31.1848,30.466,0,1,1,0,818488,3239,0,2065.8,0,0,2.527312454,0,1,0,0,4,1,83,0,1,"uce",1.601016034,1.601016034,1,1,0,0,0,0,0,0,0,0,0,0,0,0,1,0,0,1,6889,8,"Egypt Banha, Egypt 2000 0 1 1 1","31"
"403","Ramzy et al. 2005","Egypt",2001,"Banha, Egypt",31.1848,30.466,0,1,1,0,890967,3324,0,1821.65,0,0,2.902046784,0,1,0,0,5,1,86,0,1,"uce",1.239232028,1.239232028,1,1,0,0,0,0,0,0,0,0,0,0,0,0,1,0,0,1,7396,9,"Egypt Banha, Egypt 2001 0 1 1 1","31"
"404","Ramzy et al. 2005","Egypt",2000,"Bawiti, Egypt",28.8667,28.35,0,1,1,0,216274,405,0,2065.8,372,285,2.527312454,0,1,0,0,4,1,81,0,1,"uce",1.587674234,1.587674234,1,1,0,0,0,0,0,0,0,0,0,0,0,0,1,0,0,1,6561,8,"Egypt Bawiti, Egypt 2000 0 1 1 1","31"
"405","Ramzy et al. 2005","Egypt",2001,"Bawiti, Egypt",28.8667,28.35,0,1,1,0,237679,416,0,1821.65,372,285,2.902046784,0,1,0,0,5,1,86,0,1,"uce",1.200098385,1.200098385,1,1,0,0,0,0,0,0,0,0,0,0,0,0,1,0,0,1,7396,9,"Egypt Bawiti, Egypt 2001 0 1 1 1","31"
"406","Ramzy et al. 2005","Egypt",2000,"Kafr el-Sheikh City, Egypt",30.942,31.1063,0,1,1,0,18200,685,0,2065.8,0,0,2.527312454,0,1,0,0,4,1,79,0,1,"uce",2.668360057,2.668360057,1,1,0,0,0,0,0,0,0,0,0,0,0,0,1,0,0,1,6241,8,"Egypt Kafr el-Sheikh City, Egypt 2000 0 1 1 1","31"
"407","Ramzy et al. 2005","Egypt",2001,"Kafr el-Sheikh City, Egypt",30.942,31.1063,0,1,1,0,32972,696,0,1821.65,0,0,2.902046784,0,1,0,0,5,1,96,0,1,"uce",1.565345719,1.565345719,1,1,0,0,0,0,0,0,0,0,0,0,0,0,1,0,0,1,9216,9,"Egypt Kafr el-Sheikh City, Egypt 2001 0 1 1 1","31"
"408","Ramzy et al. 2005","Egypt",2000,"Schibin al-Kaum, Egypt",31.0079,30.5605,0,1,1,0,190024,1182,0,2065.8,0,0,2.527312454,0,1,0,0,4,1,89,0,1,"uce",2.32147325,2.32147325,1,1,0,0,0,0,0,0,0,0,0,0,0,0,1,0,0,1,7921,8,"Egypt Schibin al-Kaum, Egypt 2000 0 1 1 1","31"
"409","Ramzy et al. 2005","Egypt",2001,"Schibin al-Kaum, Egypt",31.0079,30.5605,0,1,1,0,284784,1202,0,1821.65,0,0,2.902046784,0,1,0,0,5,1,88,0,1,"uce",1.552301171,1.552301171,1,1,0,0,0,0,0,0,0,0,0,0,0,0,1,0,0,1,7744,9,"Egypt Schibin al-Kaum, Egypt 2001 0 1 1 1","31"
"410","Ramzy et al. 2005","Egypt",2000,"Tanta, Egypt",31.0004,30.7865,0,1,1,0,51782,1872,0,2065.8,0,0,2.527312454,0,1,0,0,4,1,88,0,1,"uce",1.987928243,1.987928243,1,1,0,0,0,0,0,0,0,0,0,0,0,0,1,0,0,1,7744,8,"Egypt Tanta, Egypt 2000 0 1 1 1","31"
"411","Ramzy et al. 2005","Egypt",2001,"Tanta, Egypt",31.0004,30.7865,0,1,1,0,57638,1902,0,1821.65,0,0,2.902046784,0,1,0,0,5,1,91,0,1,"uce",1.552301171,1.552301171,1,1,0,0,0,0,0,0,0,0,0,0,0,0,1,0,0,1,8281,9,"Egypt Tanta, Egypt 2001 0 1 1 1","31"
"412","Ramzy et al. 2005","Egypt",2000,"Zagazig, Egypt",31.5041,30.5765,0,1,1,0,272722,953,0,2065.8,0,0,2.527312454,0,1,0,0,4,1,84,0,1,"uce",2.054637244,2.054637244,1,1,0,0,0,0,0,0,0,0,0,0,0,0,1,0,0,1,7056,8,"Egypt Zagazig, Egypt 2000 0 1 1 1","31"
"413","Ramzy et al. 2005","Egypt",2001,"Zagazig, Egypt",31.5041,30.5765,0,1,1,0,324762,975,0,1821.65,0,0,2.902046784,0,1,0,0,5,1,89,0,1,"uce",1.526212076,1.526212076,1,1,0,0,0,0,0,0,0,0,0,0,0,0,1,0,0,1,7921,9,"Egypt Zagazig, Egypt 2001 0 1 1 1","31"
"417","Turner et al. 2013","Ghana",2011,"Kintampo North District, Ghana",-1.7167,8.05,0,1,1,1,57802,60,0,1618.66,188,154,2.017879949,0,1,0,0,5,2,82,1,0,"uce",0.338401913,0.338401913,1,0,0,0,0,0,0,0,0,0,0,0,0,0,0,0,0,1,6724,19,"Ghana Kintampo North District, Ghana 2011 0 1 2 1","34"
"418","Turner et al. 2013","Ghana",2011,"Kpandae, Ghana",-0.0117,8.4705,0,1,1,1,90183,36,0,1618.66,462,360,2.017879949,0,1,0,0,5,1.45,79,1,0,"uce",0.313605221,0.313605221,1,0,0,0,0,0,0,0,0,0,0,0,0,0,0,0,0,1,6241,19,"Ghana Kpandae, Ghana 2011 0 1 1.45 1","34"
"419","Turner et al. 2013","Ghana",2011,"Pru District, Ghana",-1.2891,8.0445,0,1,1,1,68506,60,0,1618.66,231,201,2.017879949,0,1,0,0,5,2,88,1,0,"uce",0.317251793,0.317251793,1,0,0,0,0,0,0,0,0,0,0,0,0,0,0,0,0,1,7744,19,"Ghana Pru District, Ghana 2011 0 1 2 1","34"
"420","Turner et al. 2013","Ghana",2011,"Wenchi, Ghana",-2.1008,7.742,0,1,1,1,27881,60,0,1618.66,159,134,2.017879949,0,1,0,0,5,1,90,1,0,"uce",0.423002391,0.423002391,1,0,0,0,0,0,0,0,0,0,0,0,0,0,0,0,0,1,8100,19,"Ghana Wenchi, Ghana 2011 0 1 1 1","34"
"421","Harding-Esch et al. 2015","Gambia",2009,"Foni Bintang, Foni Kansala, Lower Baddibu, Central Baddibu, Gambia",-16.0896,13.4934,0,0,1,0,59730,161,0,604.37,77,110,2.825026511,NA,1,0,0,2,1,90,0,0,"uce",0.419309194,0.419309194,1,0,0,0,0,0,0,0,0,0,0,0,0,0,0,0,0,1,8100,17,"Gambia Foni Bintang, Foni Kansala, Lower Baddibu, Central Baddibu, Gambia 2009 0 1 1 1","12"
